Workbook

Sheet Premissas
A1: MODELO DE INCENTIVO À PRODUTIVIDADE — SOMENTE GPA
A2: Escopo | B2: Somente registros da empresa GPA. A aba Base contém a base GPA usada no estudo.
A3: Período da base | B3: 7
A4: Dias úteis para rateio diário | B4: 26
A5: Regra | B5: Melhor fator do HC entre atividades elegíveis.
A6: Exclusão | B6: Atividades contendo SEPARAÇÃO.
A7: Meta em branco | B7: Meta da mesma atividade no CD 1942; sem referência, não recebe incentivo.
A8: Limite faixa 1 | B8: 1
A9: Limite faixa 2 | B9: 1.2
A10: Limite faixa 3 | B10: 1.4
A11: Limite faixa 4 | B11: 1.6
A12: Limite faixa 5 | B12: 2
A13: Valor faixa 0 | B13: 0
A14: Valor faixa 1 | B14: 100
A15: Valor faixa 2 | B15: 200
A16: Valor faixa 3 | B16: 350
A17: Valor faixa 4 | B17: 500
A18: Valor faixa 5 | B18: 750
A19: Observação diária | B19: O incentivo diário é um rateio do valor mensal. A base não possui data/dia de produção.
A20: Quantidade registros GPA | B20: 4427
A21: Quantidade CDs GPA | B21: 8
A22: CDs incluídos | B22: 409, 930, 1942, 1953, 1965, 1974, 1979, 7801

Sheet Base
A1: MES | B1: CD | C1: ATIVIDADE | D1: USUÁRIO | E1: COLABORADOR | F1: QUANTIDADE | G1: HORAS | H1: PRODUTIVIDADE | I1: META | J1: EMPRESA
A2: 7 | B2: 409 | C2: ATIVIDADE OP. EMP. | D2: 182403 | E2: Reginaldo Alves Araujo | F2: 2377 | G2: 66.81 | H2: 36 | I2: 25 | J2: GPA
A3: 7 | B3: 409 | C3: RECEBIMENTO | D3: 250187 | E3: Marcio Da Silva Rodrigues | F3: 1518 | G3: 30.47 | H3: 50 | I3: 25 | J3: GPA
A4: 7 | B4: 409 | C4: CARREGAMENTO | D4: 250896 | E4: Hugo Clementino Nunes | F4: 272 | G4: 4.08 | H4: 67 | I4: 24 | J4: GPA
A5: 7 | B5: 409 | C5: PUXADA RECEB | D5: 250896 | E5: Hugo Clementino Nunes | F5: 318 | G5: 9.38 | H5: 34 | I5: 22 | J5: GPA
A6: 7 | B6: 409 | C6: RECEBIMENTO | D6: 250896 | E6: Hugo Clementino Nunes | F6: 187 | G6: 7.68 | H6: 24 | I6: 25 | J6: GPA
A7: 7 | B7: 409 | C7: SEPARACAO | D7: 250896 | E7: Hugo Clementino Nunes | F7: 499 | G7: 6.21 | H7: 80 | I7: 105 | J7: GPA
A8: 7 | B8: 409 | C8: PUXADA RECEB | D8: 251239 | E8: Mauricio Rodrigues | F8: 124 | G8: 7.08 | H8: 18 | I8: 22 | J8: GPA
A9: 7 | B9: 409 | C9: PUXADA RECEB | D9: 251240 | E9: Gildo Antonio Barbosa | F9: 38 | G9: 1.3 | H9: 29 | I9: 22 | J9: GPA
A10: 7 | B10: 409 | C10: RECEBIMENTO | D10: 251240 | E10: Gildo Antonio Barbosa | F10: 3278 | G10: 39.72 | H10: 83 | I10: 25 | J10: GPA
A11: 7 | B11: 409 | C11: CARREGAMENTO | D11: 255199 | E11: Gilberton Santana De Moura | F11: 344 | G11: 7.68 | H11: 45 | I11: 24 | J11: GPA
A12: 7 | B12: 409 | C12: ATIVIDADE OP. EMP. | D12: 264318 | E12: Flavio Soares Da Silva | F12: 2828 | G12: 66.5 | H12: 43 | I12: 25 | J12: GPA
A13: 7 | B13: 409 | C13: SEPARACAO | D13: 264318 | E13: Flavio Soares Da Silva | F13: 714 | G13: 3.65 | H13: 196 | I13: 105 | J13: GPA
... A2091: 8 | B2091: 1942 | C2091: ATIVIDADE OP. EMP. | D2091: 85456 | E2091: GENIVALDO MANOEL | F2091: 1186 | G2091: 93.17 | H2091: 13 | I2091: 20 | J2091: GPA
A2092: 8 | B2092: 409 | C2092: ATIVIDADE OP. EMP. | D2092: 182403 | E2092: Reginaldo Alves Araujo | F2092: 2378 | G2092: 63.7 | H2092: 37 | I2092: 25 | J2092: GPA
A2093: 8 | B2093: 409 | C2093: RECEBIMENTO | D2093: 182403 | E2093: Reginaldo Alves Araujo | F2093: 1 | G2093: 0.17 | H2093: 6 | I2093: 25 | J2093: GPA
A2094: 8 | B2094: 409 | C2094: ATIVIDADE OP. EMP. | D2094: 245370 | E2094: Carlos Alberto Da Luz Teixeira | F2094: 1847 | G2094: 61.46 | H2094: 30 | I2094: 25 | J2094: GPA
A2095: 8 | B2095: 409 | C2095: CARREGAMENTO | D2095: 250187 | E2095: Marcio Da Silva Rodrigues | F2095: 31 | G2095: 0.38 | H2095: 82 | I2095: 24 | J2095: GPA
A2096: 8 | B2096: 409 | C2096: RECEBIMENTO | D2096: 250187 | E2096: Marcio Da Silva Rodrigues | F2096: 1249 | G2096: 29.61 | H2096: 42 | I2096: 25 | J2096: GPA
A2097: 8 | B2097: 409 | C2097: PUXADA RECEB | D2097: 250896 | E2097: Hugo Clementino Nunes | F2097: 5 | G2097: 1.42 | H2097: 4 | I2097: 22 | J2097: GPA
A2098: 8 | B2098: 409 | C2098: PUXADA RECEB | D2098: 251239 | E2098: Mauricio Rodrigues | F2098: 31 | G2098: 13.25 | H2098: 2 | I2098: 22 | J2098: GPA
A2099: 8 | B2099: 409 | C2099: RECEBIMENTO | D2099: 251239 | E2099: Mauricio Rodrigues | F2099: 1 | G2099: 1.15 | H2099: 1 | I2099: 25 | J2099: GPA
A2100: 8 | B2100: 409 | C2100: PUXADA RECEB | D2100: 251240 | E2100: Gildo Antonio Barbosa | F2100: 56 | G2100: 1.9 | H2100: 29 | I2100: 22 | J2100: GPA
A2101: 8 | B2101: 409 | C2101: RECEBIMENTO | D2101: 251240 | E2101: Gildo Antonio Barbosa | F2101: 2743 | G2101: 36.99 | H2101: 74 | I2101: 25 | J2101: GPA
A2102: 8 | B2102: 409 | C2102: CARREGAMENTO | D2102: 255199 | E2102: Gilberton Santana De Moura | F2102: 161 | G2102: 4.13 | H2102: 39 | I2102: 24 | J2102: GPA
A2103: 8 | B2103: 409 | C2103: ATIVIDADE OP. EMP. | D2103: 264318 | E2103: Flavio Soares Da Silva | F2103: 1467 | G2103: 34.83 | H2103: 42 | I2103: 25 | J2103: GPA
... A2945: 8 | B2945: 1965 | C2945: CARREGAMENTO | D2945: 2958732 | E2945: Gilvana Oliveira De Araujo | F2945: 192 | G2945: 9.96 | H2945: 19 | I2945: 0 | J2945: GPA
A2946: 8 | B2946: 1965 | C2946: SEPARACAO | D2946: 2991799 | E2946: Gustavo De Mello Dos Santos | F2946: 297 | G2946: 8.07 | H2946: 37 | J2946: GPA
A2947: 8 | B2947: 1965 | C2947: RECEBIMENTO | D2947: 30307 | E2947: MARIA VANDA DOS ANJOS CRUZ | F2947: 153 | G2947: 20.01 | H2947: 8 | I2947: 0 | J2947: GPA
A2948: 8 | B2948: 1965 | C2948: ATIVIDADE OP. EMP. | D2948: 308129 | E2948: Silvio Rodrigues Da Macena | F2948: 57 | G2948: 9.52 | H2948: 6 | I2948: 0 | J2948: GPA
A2949: 8 | B2949: 1965 | C2949: RECEBIMENTO | D2949: 308129 | E2949: Silvio Rodrigues Da Macena | F2949: 1 | G2949: 0.46 | H2949: 2 | I2949: 0 | J2949: GPA
A2950: 8 | B2950: 1965 | C2950: ATIVIDADE OP. EMP. | D2950: 308965 | E2950: ANDRE FERREIRA APOLINARIO | F2950: 961 | G2950: 104.26 | H2950: 9 | I2950: 0 | J2950: GPA
A2951: 8 | B2951: 1965 | C2951: RECEBIMENTO | D2951: 3155196 | E2951: CLAUDIO ROBERTO OTAVIO | F2951: 785 | G2951: 89.69 | H2951: 9 | I2951: 0 | J2951: GPA
A2952: 8 | B2952: 1965 | C2952: ATIVIDADE OP. EMP. | D2952: 316516 | E2952: EDMAR AGUIAR VIANA | F2952: 1909 | G2952: 177.75 | H2952: 11 | I2952: 0 | J2952: GPA
A2953: 8 | B2953: 1965 | C2953: ATIVIDADE OP. EMP. | D2953: 322452 | E2953: Givaldo Moreira Silva | F2953: 2709 | G2953: 159.88 | H2953: 17 | I2953: 0 | J2953: GPA
A2954: 8 | B2954: 1965 | C2954: CARREGAMENTO | D2954: 322452 | E2954: Givaldo Moreira Silva | F2954: 63 | G2954: 4.38 | H2954: 14 | I2954: 0 | J2954: GPA
A2955: 8 | B2955: 1965 | C2955: ATIVIDADE OP. EMP. | D2955: 324132 | E2955: ARIEL SOUZA OLIVEIRA | F2955: 1430 | G2955: 160.38 | H2955: 9 | I2955: 0 | J2955: GPA
A2956: 8 | B2956: 1965 | C2956: RECEBIMENTO | D2956: 3353583 | E2956: GILBERTO NOVAES DOS SANTOS | F2956: 1095 | G2956: 113.3 | H2956: 10 | I2956: 0 | J2956: GPA
A2957: 8 | B2957: 1965 | C2957: SEPARACAO | D2957: 3353583 | E2957: GILBERTO NOVAES DOS SANTOS | F2957: 61 | G2957: 0.84 | H2957: 73 | J2957: GPA
A2958: 8 | B2958: 1965 | C2958: CARREGAMENTO | D2958: 335416 | E2958: Dourivaldo Dias De Oliveira | F2958: 103 | G2958: 32.15 | H2958: 3 | I2958: 0 | J2958: GPA
A2959: 8 | B2959: 1965 | C2959: ATIVIDADE OP. EMP. | D2959: 33664 | E2959: Genivar Da Silva Muniz | F2959: 2656 | G2959: 180.94 | H2959: 15 | I2959: 0 | J2959: GPA
A2960: 8 | B2960: 1965 | C2960: ATIVIDADE OP. EMP. | D2960: 339769 | E2960: CRISTIANO ANDRADE QUIRINO | F2960: 1536 | G2960: 168.16 | H2960: 9 | I2960: 0 | J2960: GPA
A2961: 8 | B2961: 1965 | C2961: ATIVIDADE OP. EMP. | D2961: 344003 | E2961: ELIOMAR BARBOSA DA SILVA | F2961: 2869 | G2961: 163.9 | H2961: 18 | I2961: 0 | J2961: GPA
A2962: 8 | B2962: 1965 | C2962: RECEBIMENTO | D2962: 346537 | E2962: MARISA APARECIDA DE MEIRA BARRETO | F2962: 1097 | G2962: 160.08 | H2962: 7 | I2962: 0 | J2962: GPA
A2963: 8 | B2963: 1965 | C2963: PUXADA RECEB | D2963: 346641 | E2963: Edson Jose Do Nascimento | F2963: 266 | G2963: 11.77 | H2963: 23 | I2963: 0 | J2963: GPA
A2964: 8 | B2964: 1965 | C2964: RECEBIMENTO | D2964: 346641 | E2964: Edson Jose Do Nascimento | F2964: 4347 | G2964: 132.01 | H2964: 33 | I2964: 0 | J2964: GPA
A2965: 8 | B2965: 1965 | C2965: ATIVIDADE OP. EMP. | D2965: 352220 | E2965: MONICA FERNANDES ARAUJO CARNEIRO DE BARROS | F2965: 1364 | G2965: 161.78 | H2965: 8 | I2965: 0 | J2965: GPA
A2966: 8 | B2966: 1965 | C2966: ATIVIDADE OP. EMP. | D2966: 352458 | E2966: Jose Antonio Mendes | F2966: 1487 | G2966: 118.83 | H2966: 13 | I2966: 0 | J2966: GPA
A2967: 8 | B2967: 1965 | C2967: ATIVIDADE OP. EMP. | D2967: 3534685 | E2967: CEZAR AMORIM SOUSA | F2967: 2073 | G2967: 127.53 | H2967: 16 | I2967: 0 | J2967: GPA
A2968: 8 | B2968: 1965 | C2968: PUXADA RECEB | D2968: 3536254 | E2968: Lucas Cruz Caldas | F2968: 270 | G2968: 50.53 | H2968: 5 | I2968: 0 | J2968: GPA
A2969: 8 | B2969: 1965 | C2969: RECEBIMENTO | D2969: 3536254 | E2969: Lucas Cruz Caldas | F2969: 42 | G2969: 0.65 | H2969: 65 | I2969: 0 | J2969: GPA
... A3002: 8 | B3002: 1965 | C3002: PUXADA RECEB | D3002: 4257901 | E3002: Jefferson Luiz Araujo Da Silva | F3002: 2405 | G3002: 121.91 | H3002: 20 | I3002: 0 | J3002: GPA
A3003: 8 | B3003: 1965 | C3003: SEPARACAO | D3003: 4257901 | E3003: Jefferson Luiz Araujo Da Silva | F3003: 192 | G3003: 5.35 | H3003: 36 | J3003: GPA
A3004: 8 | B3004: 1965 | C3004: CARREGAMENTO | D3004: 4261062 | E3004: ANTONIO BRUNO DOS SANTOS VIEIRA | F3004: 69 | G3004: 12.84 | H3004: 5 | I3004: 0 | J3004: GPA
A3005: 8 | B3005: 1965 | C3005: ATIVIDADE OP. EMP. | D3005: 427308 | E3005: Jilson Stankievicz | F3005: 1775 | G3005: 153.31 | H3005: 12 | I3005: 0 | J3005: GPA
A3006: 8 | B3006: 1965 | C3006: ATIVIDADE OP. EMP. | D3006: 442548 | E3006: FRANCILENE RODRIGUES DE SOUSA | F3006: 1772 | G3006: 197.07 | H3006: 9 | I3006: 0 | J3006: GPA
A3007: 8 | B3007: 1965 | C3007: ATIVIDADE OP. EMP. | D3007: 4456297 | E3007: Claudinei Luna Diniz | F3007: 1306 | G3007: 104.83 | H3007: 12 | I3007: 0 | J3007: GPA
A3008: 8 | B3008: 1965 | C3008: PUXADA RECEB | D3008: 4463714 | E3008: GILBERTO GIL SOARES CLEMENTE | F3008: 2 | G3008: 0.6 | H3008: 3 | I3008: 0 | J3008: GPA
A3009: 8 | B3009: 1965 | C3009: RECEBIMENTO | D3009: 4463714 | E3009: GILBERTO GIL SOARES CLEMENTE | F3009: 3600 | G3009: 159.26 | H3009: 23 | I3009: 0 | J3009: GPA
A3010: 8 | B3010: 1965 | C3010: PUXADA RECEB | D3010: 4467400 | E3010: Andrea Martins Da Silva | F3010: 2 | G3010: 9.36 | H3010: 0 | I3010: 0 | J3010: GPA
A3011: 8 | B3011: 1965 | C3011: ATIVIDADE OP. EMP. | D3011: 4478452 | E3011: FERNANDO ANTONIO DA SILVA | F3011: 71 | G3011: 14.95 | H3011: 5 | I3011: 0 | J3011: GPA
A3012: 8 | B3012: 1965 | C3012: PUXADA RECEB | D3012: 4478940 | E3012: Francisco Silva de Araujo | F3012: 170 | G3012: 28.43 | H3012: 6 | I3012: 0 | J3012: GPA
A3013: 8 | B3013: 1965 | C3013: RECEBIMENTO | D3013: 4478940 | E3013: Francisco Silva de Araujo | F3013: 4 | G3013: 3.72 | H3013: 1 | I3013: 0 | J3013: GPA
A3014: 8 | B3014: 1965 | C3014: PUXADA RECEB | D3014: 449713 | E3014: Osmar Francisco Da Cunha | F3014: 2168 | G3014: 114.39 | H3014: 19 | I3014: 0 | J3014: GPA
A3015: 8 | B3015: 1965 | C3015: SEPARACAO | D3015: 449713 | E3015: Osmar Francisco Da Cunha | F3015: 66 | G3015: 1.72 | H3015: 38 | J3015: GPA
A3016: 8 | B3016: 1965 | C3016: SEPARACAO | D3016: 4527739 | E3016: ELANE CRISTINA DA SILVA MELO | F3016: 523 | G3016: 10.94 | H3016: 48 | J3016: GPA
A3017: 8 | B3017: 1965 | C3017: ATIVIDADE OP. EMP. | D3017: 454854 | E3017: Valquiria Da Silva Ribeiro | F3017: 583 | G3017: 86.04 | H3017: 7 | I3017: 0 | J3017: GPA
A3018: 8 | B3018: 1965 | C3018: ATIVIDADE OP. EMP. | D3018: 456332 | E3018: DAMIAO RUFINO | F3018: 37 | G3018: 21.8 | H3018: 2 | I3018: 0 | J3018: GPA
A3019: 8 | B3019: 1965 | C3019: CARREGAMENTO | D3019: 4575156 | E3019: Homero Anilis | F3019: 358 | G3019: 15.62 | H3019: 23 | I3019: 0 | J3019: GPA
A3020: 8 | B3020: 1965 | C3020: CARREGAMENTO | D3020: 4576837 | E3020: Elias Jose De Araujo | F3020: 1115 | G3020: 52.95 | H3020: 21 | I3020: 0 | J3020: GPA
A3021: 8 | B3021: 1965 | C3021: ATIVIDADE OP. EMP. | D3021: 4577418 | E3021: Edgar Veras Santos | F3021: 1941 | G3021: 143.41 | H3021: 14 | I3021: 0 | J3021: GPA
A3022: 8 | B3022: 1965 | C3022: ATIVIDADE OP. EMP. | D3022: 4578775 | E3022: JOSE INACIO SANTOS DE OLIVEIRA | F3022: 1790 | G3022: 212.91 | H3022: 8 | I3022: 0 | J3022: GPA
A3023: 8 | B3023: 1965 | C3023: CARREGAMENTO | D3023: 4596943 | E3023: Bruno Alves Dos Santos | F3023: 600 | G3023: 34.24 | H3023: 18 | I3023: 0 | J3023: GPA
A3024: 8 | B3024: 1965 | C3024: SEPARACAO | D3024: 4864824 | E3024: Carlos Vinicius Carmo | F3024: 576 | G3024: 20.76 | H3024: 28 | J3024: GPA
A3025: 8 | B3025: 1965 | C3025: CARREGAMENTO | D3025: 4864905 | E3025: EDIMAR DE OLIVEIRA DA SILVA | F3025: 1069 | G3025: 62.85 | H3025: 17 | I3025: 0 | J3025: GPA
A3026: 8 | B3026: 1965 | C3026: ATIVIDADE OP. EMP. | D3026: 495124 | E3026: Maria Ionete Martins | F3026: 1265 | G3026: 178.73 | H3026: 7 | I3026: 0 | J3026: GPA
A3027: 8 | B3027: 1965 | C3027: CARREGAMENTO | D3027: 4979559 | E3027: WILLIAM DOS SANTOS CAETANO | F3027: 196 | G3027: 16.43 | H3027: 12 | I3027: 0 | J3027: GPA
A3028: 8 | B3028: 1965 | C3028: RECEBIMENTO | D3028: 4979559 | E3028: WILLIAM DOS SANTOS CAETANO | F3028: 1 | G3028: 0.68 | H3028: 1 | I3028: 0 | J3028: GPA
A3029: 8 | B3029: 1965 | C3029: SEPARACAO | D3029: 4979559 | E3029: WILLIAM DOS SANTOS CAETANO | F3029: 757 | G3029: 18.14 | H3029: 42 | J3029: GPA
A3030: 8 | B3030: 1965 | C3030: SEPARACAO | D3030: 4989040 | E3030: RAFAEL DE CASTRO PEREIRA | F3030: 3420 | G3030: 90.45 | H3030: 38 | J3030: GPA
A3031: 8 | B3031: 1965 | C3031: ATIVIDADE OP. EMP. | D3031: 4990137 | E3031: Erivaldo Oliveira Da Silva | F3031: 1942 | G3031: 152.94 | H3031: 13 | I3031: 0 | J3031: GPA
A3032: 8 | B3032: 1965 | C3032: SEPARACAO | D3032: 5001838 | E3032: Debora Vieira Ferreira | F3032: 1384 | G3032: 13.56 | H3032: 102 | J3032: GPA
A3033: 8 | B3033: 1965 | C3033: CARREGAMENTO | D3033: 500233 | E3033: Sidenilton Santos Da Conceicao | F3033: 149 | G3033: 19.14 | H3033: 8 | I3033: 0 | J3033: GPA
A3034: 8 | B3034: 1965 | C3034: SEPARACAO | D3034: 500233 | E3034: Sidenilton Santos Da Conceicao | F3034: 561 | G3034: 15.8 | H3034: 36 | J3034: GPA
A3035: 8 | B3035: 1965 | C3035: SEPARACAO | D3035: 5011175 | E3035: Clevisson Santos Do Nascimento | F3035: 5363 | G3035: 113.05 | H3035: 47 | J3035: GPA
A3036: 8 | B3036: 1965 | C3036: ATIVIDADE OP. EMP. | D3036: 5061148 | E3036: EDUARDO HENRIQUE BORGES | F3036: 3754 | G3036: 199.57 | H3036: 19 | I3036: 0 | J3036: GPA
A3037: 8 | B3037: 1965 | C3037: CARREGAMENTO | D3037: 5066190 | E3037: Iderval Dias Feitosa | F3037: 2791 | G3037: 56.42 | H3037: 49 | I3037: 0 | J3037: GPA
A3038: 8 | B3038: 1965 | C3038: PUXADA RECEB | D3038: 5066190 | E3038: Iderval Dias Feitosa | F3038: 3 | G3038: 0.22 | H3038: 14 | I3038: 0 | J3038: GPA
A3039: 8 | B3039: 1965 | C3039: ATIVIDADE OP. EMP. | D3039: 5081696 | E3039: CELIO JOSE DOS SANTOS | F3039: 1933 | G3039: 206.02 | H3039: 9 | I3039: 0 | J3039: GPA
A3040: 8 | B3040: 1965 | C3040: RECEBIMENTO | D3040: 5113687 | E3040: Kawan Dickson Jesus Dos Santos | F3040: 10 | G3040: 0.19 | H3040: 53 | I3040: 0 | J3040: GPA
A3041: 8 | B3041: 1965 | C3041: ATIVIDADE OP. EMP. | D3041: 5115418 | E3041: Diego Rodrigues Hidalgo | F3041: 5159 | G3041: 168.47 | H3041: 31 | I3041: 0 | J3041: GPA
A3042: 8 | B3042: 1965 | C3042: CARREGAMENTO | D3042: 5122490 | E3042: Luciano Silva Lopes | F3042: 1980 | G3042: 55.45 | H3042: 36 | I3042: 0 | J3042: GPA
A3043: 8 | B3043: 1965 | C3043: PUXADA RECEB | D3043: 5122490 | E3043: Luciano Silva Lopes | F3043: 2 | G3043: 0.58 | H3043: 3 | I3043: 0 | J3043: GPA
A3044: 8 | B3044: 1965 | C3044: PUXADA RECEB | D3044: 5128552 | E3044: Vinicius Azevedo Do Carmo | F3044: 100 | G3044: 103.74 | H3044: 1 | I3044: 0 | J3044: GPA
A3045: 8 | B3045: 1965 | C3045: ATIVIDADE OP. EMP. | D3045: 513395 | E3045: Uberlandia De Lima E Silva | F3045: 1053 | G3045: 176.92 | H3045: 6 | I3045: 0 | J3045: GPA
A3046: 8 | B3046: 1965 | C3046: CARREGAMENTO | D3046: 5144280 | E3046: Tiago Farias Da Costa | F3046: 206 | G3046: 34.29 | H3046: 6 | I3046: 0 | J3046: GPA
A3047: 8 | B3047: 1965 | C3047: SEPARACAO | D3047: 5144280 | E3047: Tiago Farias Da Costa | F3047: 75 | G3047: 4.62 | H3047: 16 | J3047: GPA
A3048: 8 | B3048: 1965 | C3048: PUXADA RECEB | D3048: 5144485 | E3048: Ezequiel Teodoro Batista | F3048: 480 | G3048: 24.47 | H3048: 20 | I3048: 0 | J3048: GPA
A3049: 8 | B3049: 1965 | C3049: PUXADA RECEB | D3049: 5209323 | E3049: ROBENILDO FRANCISCO DA SILVA | F3049: 7 | G3049: 8.23 | H3049: 1 | I3049: 0 | J3049: GPA
A3050: 8 | B3050: 1965 | C3050: RECEBIMENTO | D3050: 5209323 | E3050: ROBENILDO FRANCISCO DA SILVA | F3050: 7 | G3050: 8.71 | H3050: 1 | I3050: 0 | J3050: GPA
...

Sheet Base_Origem_Completa
A1: MES | B1: CD | C1: ATIVIDADE | D1: USUÁRIO | E1: COLABORADOR | F1: QUANTIDADE | G1: HORAS | H1: PRODUTIVIDADE | I1: META | J1: EMPRESA
A2: 7 | B2: 409 | C2: ATIVIDADE OP. EMP. | D2: 182403 | E2: Reginaldo Alves Araujo | F2: 2377 | G2: 66.81 | H2: 36 | I2: 25 | J2: GPA
A3: 7 | B3: 409 | C3: RECEBIMENTO | D3: 250187 | E3: Marcio Da Silva Rodrigues | F3: 1518 | G3: 30.47 | H3: 50 | I3: 25 | J3: GPA
A4: 7 | B4: 409 | C4: CARREGAMENTO | D4: 250896 | E4: Hugo Clementino Nunes | F4: 272 | G4: 4.08 | H4: 67 | I4: 24 | J4: GPA
A5: 7 | B5: 409 | C5: PUXADA RECEB | D5: 250896 | E5: Hugo Clementino Nunes | F5: 318 | G5: 9.38 | H5: 34 | I5: 22 | J5: GPA
A6: 7 | B6: 409 | C6: RECEBIMENTO | D6: 250896 | E6: Hugo Clementino Nunes | F6: 187 | G6: 7.68 | H6: 24 | I6: 25 | J6: GPA
A7: 7 | B7: 409 | C7: SEPARACAO | D7: 250896 | E7: Hugo Clementino Nunes | F7: 499 | G7: 6.21 | H7: 80 | I7: 105 | J7: GPA
A8: 7 | B8: 409 | C8: PUXADA RECEB | D8: 251239 | E8: Mauricio Rodrigues | F8: 124 | G8: 7.08 | H8: 18 | I8: 22 | J8: GPA
A9: 7 | B9: 409 | C9: PUXADA RECEB | D9: 251240 | E9: Gildo Antonio Barbosa | F9: 38 | G9: 1.3 | H9: 29 | I9: 22 | J9: GPA
A10: 7 | B10: 409 | C10: RECEBIMENTO | D10: 251240 | E10: Gildo Antonio Barbosa | F10: 3278 | G10: 39.72 | H10: 83 | I10: 25 | J10: GPA
A11: 7 | B11: 409 | C11: CARREGAMENTO | D11: 255199 | E11: Gilberton Santana De Moura | F11: 344 | G11: 7.68 | H11: 45 | I11: 24 | J11: GPA
A12: 7 | B12: 409 | C12: ATIVIDADE OP. EMP. | D12: 264318 | E12: Flavio Soares Da Silva | F12: 2828 | G12: 66.5 | H12: 43 | I12: 25 | J12: GPA
A13: 7 | B13: 409 | C13: SEPARACAO | D13: 264318 | E13: Flavio Soares Da Silva | F13: 714 | G13: 3.65 | H13: 196 | I13: 105 | J13: GPA
... A581: 7 | B581: 1942 | C581: SEPARACAO | D581: 85456 | E581: GENIVALDO MANOEL | F581: 1010 | G581: 12.8 | H581: 79 | I581: 80 | J581: GPA
A582: 7 | B582: 1942 | C582: SEPARACAO | D582: T10184 | E582: BRUNO SANTOS DA SILVA | F582: 9903 | G582: 136.12 | H582: 73 | I582: 80 | J582: TERCEIRO
A583: 7 | B583: 1942 | C583: SEPARACAO | D583: T10185 | E583: RICARDO JOSE DA SILVA | F583: 4508 | G583: 63.02 | H583: 72 | I583: 80 | J583: TERCEIRO
A584: 7 | B584: 1942 | C584: SEPARACAO | D584: T10217 | E584: Gildevam Campo | F584: 1191 | G584: 8.72 | H584: 137 | I584: 80 | J584: TERCEIRO
A585: 7 | B585: 1942 | C585: SEPARACAO | D585: T10274 | E585: JHONY ELBERT SILVA DOS SANTOS | F585: 9796 | G585: 114.36 | H585: 86 | I585: 80 | J585: TERCEIRO
A586: 7 | B586: 1942 | C586: SEPARACAO | D586: T10292 | E586: MARCOS VINICIUS FELIX VALIM | F586: 5655 | G586: 82.95 | H586: 68 | I586: 80 | J586: TERCEIRO
A587: 7 | B587: 1942 | C587: SEPARACAO | D587: T10312 | E587: Marcio da Cunha | F587: 5206 | G587: 38.92 | H587: 134 | I587: 80 | J587: TERCEIRO
A588: 7 | B588: 1942 | C588: SEPARACAO | D588: T10324 | E588: GLEISON DE SOUSA SILVA | F588: 12774 | G588: 172.48 | H588: 74 | I588: 80 | J588: TERCEIRO
A589: 7 | B589: 1942 | C589: SEPARACAO | D589: T10329 | E589: ERIK OLIVEIRA DE MORAIS | F589: 1620 | G589: 22.05 | H589: 73 | I589: 80 | J589: TERCEIRO
A590: 7 | B590: 1942 | C590: SEPARACAO | D590: T10333 | E590: CARLOS DANIEL MATOS SILVA | F590: 7210 | G590: 84.06 | H590: 86 | I590: 80 | J590: TERCEIRO
A591: 7 | B591: 1942 | C591: SEPARACAO | D591: T10353 | E591: ISRAEL MANUEL DA SILVA | F591: 17465 | G591: 111.5 | H591: 157 | I591: 80 | J591: TERCEIRO
A592: 7 | B592: 1942 | C592: SEPARACAO | D592: T10371 | E592: GABRIEL AMORIM JESUS DA SILVA | F592: 9318 | G592: 80.38 | H592: 116 | I592: 80 | J592: TERCEIRO
A593: 7 | B593: 1942 | C593: SEPARACAO | D593: T10377 | E593: Vinicius Silva Cabra | F593: 14734 | G593: 107.03 | H593: 138 | I593: 80 | J593: TERCEIRO
... A624: 7 | B624: 1942 | C624: SEPARACAO | D624: T10638 | E624: Jorge Washington Maia | F624: 672 | G624: 19.11 | H624: 35 | I624: 80 | J624: TERCEIRO
A625: 7 | B625: 1953 | C625: SEPARACAO | D625: 195365 | E625: LUCAS DOS SANTOS COSME | F625: 20862 | G625: 124.43 | H625: 168 | I625: 110 | J625: GPA
A626: 7 | B626: 1953 | C626: SEPARACAO | D626: 2019122 | E626: Wyllamar Silva | F626: 24737 | G626: 161.49 | H626: 153 | I626: 110 | J626: GPA
A627: 7 | B627: 1953 | C627: SEPARACAO | D627: 202125 | E627: RODRIGO SILVA | F627: 297 | G627: 1.18 | H627: 252 | I627: 110 | J627: GPA
A628: 7 | B628: 1953 | C628: SEPARACAO | D628: 202219 | E628: Rudson Pablo Santos da Silva | F628: 1097 | G628: 5.93 | H628: 185 | I628: 110 | J628: GPA
A629: 7 | B629: 1953 | C629: PUXADA RECEB | D629: 202301 | E629: CARLOS CLEYTON TEIXEIRA | F629: 3 | G629: 6.78 | H629: 0 | I629: 15 | J629: GPA
A630: 7 | B630: 1953 | C630: SEPARACAO | D630: 202301 | E630: CARLOS CLEYTON TEIXEIRA | F630: 1508 | G630: 12.3 | H630: 123 | I630: 110 | J630: GPA
A631: 7 | B631: 1953 | C631: ATIVIDADE OP. EMP. | D631: 202320 | E631: ALEX MATOS FERREIRA | F631: 2 | G631: 0.11 | H631: 18 | I631: 19 | J631: GPA
A632: 7 | B632: 1953 | C632: SEPARACAO | D632: 202320 | E632: ALEX MATOS FERREIRA | F632: 959 | G632: 10.22 | H632: 94 | I632: 110 | J632: GPA
A633: 7 | B633: 1953 | C633: CARREGAMENTO | D633: 2504499 | E633: WEBHERGTE JOSE DE SOUZA | F633: 520 | G633: 12.28 | H633: 42 | I633: 18 | J633: GPA
A634: 7 | B634: 1953 | C634: PUXADA RECEB | D634: 2504499 | E634: WEBHERGTE JOSE DE SOUZA | F634: 29 | G634: 7.4 | H634: 4 | I634: 15 | J634: GPA
A635: 7 | B635: 1953 | C635: RECEBIMENTO | D635: 2504499 | E635: WEBHERGTE JOSE DE SOUZA | F635: 122 | G635: 4.76 | H635: 26 | I635: 19 | J635: GPA
A636: 7 | B636: 1953 | C636: SEPARACAO | D636: 2504499 | E636: WEBHERGTE JOSE DE SOUZA | F636: 26 | G636: 0.06 | H636: 433 | I636: 110 | J636: GPA
... A766: 7 | B766: 1953 | C766: SEPARACAO | D766: 700842 | E766: VITOR BERTO DIAS DA SILVA | F766: 19 | G766: 0.19 | H766: 100 | I766: 110 | J766: GPA
A767: 7 | B767: 1953 | C767: SEPARACAO | D767: T1953105 | E767: PEDRO HENRIQUE LIMA | F767: 439 | G767: 2.07 | H767: 212 | I767: 110 | J767: TERCEIRO
A768: 7 | B768: 1953 | C768: SEPARACAO | D768: T1953156 | E768: KLEBER DE OLIVEIRA PELAGIO | F768: 1859 | G768: 18.02 | H768: 103 | I768: 110 | J768: TERCEIRO
A769: 7 | B769: 1953 | C769: SEPARACAO | D769: T1953158 | E769: JOSIEL TERTO DA SILVA | F769: 974 | G769: 5.95 | H769: 164 | I769: 110 | J769: TERCEIRO
A770: 7 | B770: 1953 | C770: SEPARACAO | D770: T1953176 | E770: GUILHERME HENRIQUE F. DOS SANTOS | F770: 147 | G770: 1.85 | H770: 79 | I770: 110 | J770: TERCEIRO
A771: 7 | B771: 1953 | C771: SEPARACAO | D771: T198430 | E771: BRIVALDO FELIPE ALVES DOS SANTOS | F771: 26488 | G771: 163.42 | H771: 162 | I771: 110 | J771: TERCEIRO
A772: 7 | B772: 1953 | C772: SEPARACAO | D772: T198432 | E772: GILBERTO TALLES DE LIRA MESQUITA | F772: 15649 | G772: 148.91 | H772: 105 | I772: 110 | J772: TERCEIRO
A773: 7 | B773: 1953 | C773: SEPARACAO | D773: T198433 | E773: ROBSON VELOZO CAVALCANTI | F773: 14794 | G773: 131.12 | H773: 113 | I773: 110 | J773: TERCEIRO
A774: 7 | B774: 1953 | C774: SEPARACAO | D774: T198438 | E774: DAYVISSON XAVIER DE ARANTES | F774: 14219 | G774: 98.12 | H774: 145 | I774: 110 | J774: TERCEIRO
A775: 7 | B775: 1953 | C775: SEPARACAO | D775: T198441 | E775: GABRIEL NASCIMENTO DA SILVA | F775: 11366 | G775: 101.53 | H775: 112 | I775: 110 | J775: TERCEIRO
A776: 7 | B776: 1953 | C776: SEPARACAO | D776: T198448 | E776: CAUA VICTOR CAETANO DA SILVA | F776: 7045 | G776: 66.53 | H776: 106 | I776: 110 | J776: TERCEIRO
A777: 7 | B777: 1953 | C777: SEPARACAO | D777: T198449 | E777: ELIELTON PLACIDO DA SILVA | F777: 5739 | G777: 53.21 | H777: 108 | I777: 110 | J777: TERCEIRO
A778: 7 | B778: 1953 | C778: SEPARACAO | D778: T198450 | E778: JONATAS ROBERTO DE LIMA SANTOS | F778: 2167 | G778: 21.76 | H778: 100 | I778: 110 | J778: TERCEIRO
A779: 7 | B779: 1974 | C779: ATIVIDADE OP. EMP. | D779: 128339 | E779: NILSON DA SILVA BATISTA | F779: 14 | G779: 0.62 | H779: 23 | I779: 9 | J779: GPA
A780: 7 | B780: 1974 | C780: ATIVIDADE OP. EMP. | D780: 143573 | E780: ALEXANDRE GLEYSON GOMES TEIXEIRA | F780: 51 | G780: 1.31 | H780: 39 | I780: 9 | J780: GPA
A781: 7 | B781: 1974 | C781: CARREGAMENTO | D781: 149952 | E781: RONALD NUNES DOS SANTOS | F781: 23 | G781: 1.21 | H781: 19 | I781: 0 | J781: GPA
A782: 7 | B782: 1974 | C782: PUXADA RECEB | D782: 149952 | E782: RONALD NUNES DOS SANTOS | F782: 95 | G782: 2.7 | H782: 35 | I782: 0 | J782: GPA
A783: 7 | B783: 1974 | C783: RECEBIMENTO | D783: 149952 | E783: RONALD NUNES DOS SANTOS | F783: 357 | G783: 6.48 | H783: 55 | I783: 41 | J783: GPA
A784: 7 | B784: 1974 | C784: ATIVIDADE OP. EMP. | D784: 157110 | E784: FRANCISCO JEAN MOURA | F784: 2623 | G784: 101.11 | H784: 26 | I784: 9 | J784: GPA
A785: 7 | B785: 1974 | C785: ATIVIDADE OP. EMP. | D785: 157789 | E785: FRANCISCO DAS CHAGAS ALVES RODRIGUES | F785: 1783 | G785: 51.71 | H785: 34 | I785: 9 | J785: GPA
A786: 7 | B786: 1974 | C786: ATIVIDADE OP. EMP. | D786: 286911 | E786: ANTONIO CARLOS DOS SANTOS SOUZA | F786: 2222 | G786: 65.97 | H786: 34 | I786: 9 | J786: GPA
A787: 7 | B787: 1974 | C787: RECEBIMENTO | D787: 2984822 | E787: SAMIA SOUZA NOGUEIRA | F787: 2 | G787: 0.02 | H787: 100 | I787: 41 | J787: GPA
A788: 7 | B788: 1974 | C788: RECEBIMENTO | D788: 299065 | E788: PAULO VITOR SOARES MAIA | F788: 1 | G788: 7.33 | H788: 0 | I788: 41 | J788: GPA
A789: 7 | B789: 1974 | C789: ATIVIDADE OP. EMP. | D789: 316536 | E789: JOSE HORMANDO SOARES DOS SANTOS | F789: 2224 | G789: 68.12 | H789: 33 | I789: 9 | J789: GPA
A790: 7 | B790: 1974 | C790: CARREGAMENTO | D790: 365615 | E790: FIRMINO NETO DE SOUSA SILVA | F790: 159 | G790: 7.05 | H790: 23 | I790: 0 | J790: GPA
... A1548: 7 | B1548: 7801 | C1548: RECEBIMENTO | D1548: 91943 | E1548: Antao Jorge Barreto | F1548: 2459 | G1548: 112.68 | H1548: 22 | I1548: 0 | J1548: GPA
A1549: 7 | B1549: 7801 | C1549: SEPARACAO | D1549: T11000017 | E1549: RICARDO VIEIRA RODRIGUES DA SILVA | F1549: 10462 | G1549: 143.5 | H1549: 73 | I1549: 0 | J1549: TERCEIRO
A1550: 7 | B1550: 7801 | C1550: SEPARACAO | D1550: T11000022 | E1550: PEDRO HENRIQUE RABELO | F1550: 14588 | G1550: 160.96 | H1550: 91 | I1550: 0 | J1550: TERCEIRO
A1551: 7 | B1551: 7801 | C1551: SEPARACAO | D1551: T11000035 | E1551: DEMERSOM MACEDO DE ASSIS | F1551: 32258 | G1551: 245.4 | H1551: 131 | I1551: 0 | J1551: TERCEIRO
A1552: 7 | B1552: 7801 | C1552: SEPARACAO | D1552: T11000140 | E1552: GABRIEL OLIVEIRA ALMEIDA RAMOS | F1552: 2012 | G1552: 51.48 | H1552: 39 | I1552: 0 | J1552: TERCEIRO
A1553: 7 | B1553: 7801 | C1553: SEPARACAO | D1553: T11000151 | E1553: THATIANY ALVES LOPES DE OLIVEIRA | F1553: 834 | G1553: 17.08 | H1553: 49 | I1553: 0 | J1553: TERCEIRO
A1554: 7 | B1554: 7801 | C1554: SEPARACAO | D1554: T11000161 | E1554: LILIANE GALVAO DA SILVA | F1554: 3873 | G1554: 57.29 | H1554: 68 | I1554: 0 | J1554: TERCEIRO
A1555: 7 | B1555: 7801 | C1555: SEPARACAO | D1555: T11000165 | E1555: FLAVIO SOARES RAMOS DE JESUS | F1555: 7371 | G1555: 142.92 | H1555: 52 | I1555: 0 | J1555: TERCEIRO
A1556: 7 | B1556: 7801 | C1556: SEPARACAO | D1556: T11000178 | E1556: KEVIN ARNALD BANEDICTO FIGUEIREDO | F1556: 286 | G1556: 5.73 | H1556: 50 | I1556: 0 | J1556: TERCEIRO
A1557: 7 | B1557: 7801 | C1557: SEPARACAO | D1557: T11000184 | E1557: NICOLAS DA SILVA MARCAL | F1557: 428 | G1557: 4.03 | H1557: 106 | I1557: 0 | J1557: TERCEIRO
A1558: 7 | B1558: 7801 | C1558: SEPARACAO | D1558: T11000213 | E1558: VITOR SILVA DE OLIVEIRA | F1558: 2281 | G1558: 26.67 | H1558: 86 | I1558: 0 | J1558: TERCEIRO
A1559: 7 | B1559: 7801 | C1559: SEPARACAO | D1559: T11000236 | E1559: LEANDRO HENRIQUE DO CARMO SILVA | F1559: 331 | G1559: 4.77 | H1559: 69 | I1559: 0 | J1559: TERCEIRO
A1560: 7 | B1560: 7801 | C1560: SEPARACAO | D1560: T11000253 | E1560: MARIA EDUARDA RAMOS DA SILVA | F1560: 17693 | G1560: 176.14 | H1560: 100 | I1560: 0 | J1560: TERCEIRO
... A1960: 7 | B1960: 7801 | C1960: SEPARACAO | D1960: T90005222 | E1960: Cleiton Rodrigues dos Santos | F1960: 1476 | G1960: 26.25 | H1960: 56 | I1960: 0 | J1960: TERCEIRO
A1961: 7 | B1961: 930 | C1961: RECEBIMENTO | D1961: 122853 | E1961: ROSE KATIA DE OLIVEIRA | F1961: 3587 | G1961: 139.5 | H1961: 26 | I1961: 0 | J1961: GPA
A1962: 7 | B1962: 930 | C1962: ATIVIDADE OP. EMP. | D1962: 128476 | E1962: Manoel Alves Vieira | F1962: 732 | G1962: 69.44 | H1962: 11 | I1962: 0 | J1962: GPA
A1963: 7 | B1963: 930 | C1963: PUXADA RECEB | D1963: 161429 | E1963: JOAO GOMES DE ALMEIDA | F1963: 349 | G1963: 34.25 | H1963: 10 | I1963: 0 | J1963: GPA
A1964: 7 | B1964: 930 | C1964: RECEBIMENTO | D1964: 176631 | E1964: LUCAS ANDRADE CAFE | F1964: 720 | G1964: 51.9 | H1964: 14 | I1964: 0 | J1964: GPA
A1965: 7 | B1965: 930 | C1965: ATIVIDADE OP. EMP. | D1965: 257617 | E1965: FRANCISCO NEILTON PEREIRA DE ARAUJO | F1965: 2399 | G1965: 111.07 | H1965: 22 | I1965: 0 | J1965: GPA
A1966: 7 | B1966: 930 | C1966: PUXADA RECEB | D1966: 27002 | E1966: EDVALDO ALVES DUARTE | F1966: 23 | G1966: 10.69 | H1966: 2 | I1966: 0 | J1966: GPA
A1967: 7 | B1967: 930 | C1967: CARREGAMENTO | D1967: 2807203 | E1967: ANDERSON ALEXANDRE ALPHA DALLAQUA | F1967: 539 | G1967: 13.18 | H1967: 41 | I1967: 0 | J1967: GPA
A1968: 7 | B1968: 930 | C1968: RECEBIMENTO | D1968: 28887 | E1968: MARILZA DE MATOS GOMES | F1968: 669 | G1968: 20.04 | H1968: 33 | I1968: 0 | J1968: GPA
A1969: 7 | B1969: 930 | C1969: ATIVIDADE OP. EMP. | D1969: 2946548 | E1969: Tiago Balduino Vazzi | F1969: 2752 | G1969: 108.7 | H1969: 25 | I1969: 0 | J1969: GPA
A1970: 7 | B1970: 930 | C1970: CARREGAMENTO | D1970: 3023575 | E1970: LUIZ PAULO SOUZA GOMES | F1970: 17 | G1970: 0.15 | H1970: 113 | I1970: 0 | J1970: GPA
A1971: 7 | B1971: 930 | C1971: RECEBIMENTO | D1971: 3067653 | E1971: ANTONIO LEITE | F1971: 56 | G1971: 8.85 | H1971: 6 | I1971: 0 | J1971: GPA
A1972: 7 | B1972: 930 | C1972: CARREGAMENTO | D1972: 307364 | E1972: Rosilei Maria De Jesus Santos | F1972: 15 | G1972: 0.1 | H1972: 150 | I1972: 0 | J1972: GPA
... A2318: 7 | B2318: 930 | C2318: ATIVIDADE OP. EMP. | D2318: 98905 | E2318: ALEXANDRE DE OLIVEIRA CANDIDO | F2318: 3062 | G2318: 106.49 | H2318: 29 | I2318: 0 | J2318: GPA
A2319: 7 | B2319: 930 | C2319: SEPARACAO | D2319: T60000319 | E2319: PEDRO HUGO DE MORAES | F2319: 10521 | G2319: 109.87 | H2319: 96 | I2319: 0 | J2319: TERCEIRO
A2320: 7 | B2320: 930 | C2320: SEPARACAO | D2320: T60000327 | E2320: FLAVIO MANOEL DELMONDES | F2320: 12418 | G2320: 127.05 | H2320: 98 | I2320: 0 | J2320: TERCEIRO
A2321: 7 | B2321: 930 | C2321: SEPARACAO | D2321: T60000329 | E2321: PATRIK JOSE RODRIGUES DA SILVA | F2321: 13700 | G2321: 131.9 | H2321: 104 | I2321: 0 | J2321: TERCEIRO
A2322: 7 | B2322: 930 | C2322: SEPARACAO | D2322: T60000348 | E2322: FELIPE MIRANDA JOB | F2322: 10028 | G2322: 103.79 | H2322: 97 | I2322: 0 | J2322: TERCEIRO
A2323: 7 | B2323: 930 | C2323: SEPARACAO | D2323: T60000349 | E2323: JONATHAN DA SILVA LOPES | F2323: 3487 | G2323: 42.03 | H2323: 83 | I2323: 0 | J2323: TERCEIRO
A2324: 7 | B2324: 930 | C2324: SEPARACAO | D2324: T60000350 | E2324: WELTON BEZERRA MIRANDA DA SILVA | F2324: 18664 | G2324: 139.55 | H2324: 134 | I2324: 0 | J2324: TERCEIRO
A2325: 7 | B2325: 930 | C2325: SEPARACAO | D2325: T60000351 | E2325: DIOGO ALVES MARQUES DA SILVA | F2325: 10038 | G2325: 95.92 | H2325: 105 | I2325: 0 | J2325: TERCEIRO
A2326: 7 | B2326: 930 | C2326: SEPARACAO | D2326: T60000353 | E2326: MARCIEL DE JESUS SANTOS | F2326: 631 | G2326: 11.27 | H2326: 56 | I2326: 0 | J2326: TERCEIRO
A2327: 7 | B2327: 930 | C2327: SEPARACAO | D2327: T60000354 | E2327: DOUGLAS REIS DE SOUZA | F2327: 5996 | G2327: 70.63 | H2327: 85 | I2327: 0 | J2327: TERCEIRO
...

Sheet Detalhe_Registro
A1: MES | B1: CD | C1: ATIVIDADE | D1: USUÁRIO | E1: COLABORADOR | F1: QUANTIDADE | G1: HORAS | H1: PRODUTIVIDADE | I1: META | J1: EMPRESA | K1: META_USADA | L1: META_PREENCHIDA | M1: ELEGIVEL | N1: FATOR | O1: FAIXA | P1: VALOR_MENSAL_REG | Q1: VALOR_DIARIO_REG
A2: 7 | B2: 409 | C2: ATIVIDADE OP. EMP. | D2: 182403 | E2: Reginaldo Alves Araujo | F2: 2377 | G2: 66.81 | H2: 36 | I2: 25 | J2: GPA | K2: =IF(I2<>"",I2,IFERROR(INDEX(Base!$I:$I,MATCH(1,(Base!$C:$C=C2)*(Base!$I:$I<>""),0)),0)) | L2: =IF(AND(I2="",K2>0),"SIM","NÃO") | M2: =IF(ISNUMBER(SEARCH("SEPARA",UPPER(C2))),"NÃO","SIM") | N2: =IFERROR(H2/K2,0) | O2: =IF(M2="NÃO","EXCLUÍDO",IF(N2<Premissas!$B$8,"< 1,00",IF(N2<Premissas!$B$9,"1,00 – 1,19",IF(N2<Premissas!$B$10,"1,20 – 1,39",IF(N2<Premissas!$B$11,"1,40 – 1,59",IF(N2<Premissas!$B$12,"1,60 – 1,99","≥ 2,00")))))) | P2: =IF(OR(M2="NÃO",N2<Premissas!$B$8),Premissas!$B$13,IF(N2<Premissas!$B$9,Premissas!$B$14,IF(N2<Premissas!$B$10,Premissas!$B$15,IF(N2<Premissas!$B$11,Premissas!$B$16,IF(N2<Premissas!$B$12,Premissas!$B$17,Premissas!$B$18))))) | Q2: =IFERROR(P2/Premissas!$B$4,0)
A3: 7 | B3: 409 | C3: RECEBIMENTO | D3: 250187 | E3: Marcio Da Silva Rodrigues | F3: 1518 | G3: 30.47 | H3: 50 | I3: 25 | J3: GPA | K3: =IF(I3<>"",I3,IFERROR(INDEX(Base!$I:$I,MATCH(1,(Base!$C:$C=C3)*(Base!$I:$I<>""),0)),0)) | L3: =IF(AND(I3="",K3>0),"SIM","NÃO") | M3: =IF(ISNUMBER(SEARCH("SEPARA",UPPER(C3))),"NÃO","SIM") | N3: =IFERROR(H3/K3,0) | O3: =IF(M3="NÃO","EXCLUÍDO",IF(N3<Premissas!$B$8,"< 1,00",IF(N3<Premissas!$B$9,"1,00 – 1,19",IF(N3<Premissas!$B$10,"1,20 – 1,39",IF(N3<Premissas!$B$11,"1,40 – 1,59",IF(N3<Premissas!$B$12,"1,60 – 1,99","≥ 2,00")))))) | P3: =IF(OR(M3="NÃO",N3<Premissas!$B$8),Premissas!$B$13,IF(N3<Premissas!$B$9,Premissas!$B$14,IF(N3<Premissas!$B$10,Premissas!$B$15,IF(N3<Premissas!$B$11,Premissas!$B$16,IF(N3<Premissas!$B$12,Premissas!$B$17,Premissas!$B$18))))) | Q3: =IFERROR(P3/Premissas!$B$4,0)
A4: 7 | B4: 409 | C4: CARREGAMENTO | D4: 250896 | E4: Hugo Clementino Nunes | F4: 272 | G4: 4.08 | H4: 67 | I4: 24 | J4: GPA | K4: =IF(I4<>"",I4,IFERROR(INDEX(Base!$I:$I,MATCH(1,(Base!$C:$C=C4)*(Base!$I:$I<>""),0)),0)) | L4: =IF(AND(I4="",K4>0),"SIM","NÃO") | M4: =IF(ISNUMBER(SEARCH("SEPARA",UPPER(C4))),"NÃO","SIM") | N4: =IFERROR(H4/K4,0) | O4: =IF(M4="NÃO","EXCLUÍDO",IF(N4<Premissas!$B$8,"< 1,00",IF(N4<Premissas!$B$9,"1,00 – 1,19",IF(N4<Premissas!$B$10,"1,20 – 1,39",IF(N4<Premissas!$B$11,"1,40 – 1,59",IF(N4<Premissas!$B$12,"1,60 – 1,99","≥ 2,00")))))) | P4: =IF(OR(M4="NÃO",N4<Premissas!$B$8),Premissas!$B$13,IF(N4<Premissas!$B$9,Premissas!$B$14,IF(N4<Premissas!$B$10,Premissas!$B$15,IF(N4<Premissas!$B$11,Premissas!$B$16,IF(N4<Premissas!$B$12,Premissas!$B$17,Premissas!$B$18))))) | Q4: =IFERROR(P4/Premissas!$B$4,0)
A5: 7 | B5: 409 | C5: PUXADA RECEB | D5: 250896 | E5: Hugo Clementino Nunes | F5: 318 | G5: 9.38 | H5: 34 | I5: 22 | J5: GPA | K5: =IF(I5<>"",I5,IFERROR(INDEX(Base!$I:$I,MATCH(1,(Base!$C:$C=C5)*(Base!$I:$I<>""),0)),0)) | L5: =IF(AND(I5="",K5>0),"SIM","NÃO") | M5: =IF(ISNUMBER(SEARCH("SEPARA",UPPER(C5))),"NÃO","SIM") | N5: =IFERROR(H5/K5,0) | O5: =IF(M5="NÃO","EXCLUÍDO",IF(N5<Premissas!$B$8,"< 1,00",IF(N5<Premissas!$B$9,"1,00 – 1,19",IF(N5<Premissas!$B$10,"1,20 – 1,39",IF(N5<Premissas!$B$11,"1,40 – 1,59",IF(N5<Premissas!$B$12,"1,60 – 1,99","≥ 2,00")))))) | P5: =IF(OR(M5="NÃO",N5<Premissas!$B$8),Premissas!$B$13,IF(N5<Premissas!$B$9,Premissas!$B$14,IF(N5<Premissas!$B$10,Premissas!$B$15,IF(N5<Premissas!$B$11,Premissas!$B$16,IF(N5<Premissas!$B$12,Premissas!$B$17,Premissas!$B$18))))) | Q5: =IFERROR(P5/Premissas!$B$4,0)
A6: 7 | B6: 409 | C6: RECEBIMENTO | D6: 250896 | E6: Hugo Clementino Nunes | F6: 187 | G6: 7.68 | H6: 24 | I6: 25 | J6: GPA | K6: =IF(I6<>"",I6,IFERROR(INDEX(Base!$I:$I,MATCH(1,(Base!$C:$C=C6)*(Base!$I:$I<>""),0)),0)) | L6: =IF(AND(I6="",K6>0),"SIM","NÃO") | M6: =IF(ISNUMBER(SEARCH("SEPARA",UPPER(C6))),"NÃO","SIM") | N6: =IFERROR(H6/K6,0) | O6: =IF(M6="NÃO","EXCLUÍDO",IF(N6<Premissas!$B$8,"< 1,00",IF(N6<Premissas!$B$9,"1,00 – 1,19",IF(N6<Premissas!$B$10,"1,20 – 1,39",IF(N6<Premissas!$B$11,"1,40 – 1,59",IF(N6<Premissas!$B$12,"1,60 – 1,99","≥ 2,00")))))) | P6: =IF(OR(M6="NÃO",N6<Premissas!$B$8),Premissas!$B$13,IF(N6<Premissas!$B$9,Premissas!$B$14,IF(N6<Premissas!$B$10,Premissas!$B$15,IF(N6<Premissas!$B$11,Premissas!$B$16,IF(N6<Premissas!$B$12,Premissas!$B$17,Premissas!$B$18))))) | Q6: =IFERROR(P6/Premissas!$B$4,0)
A7: 7 | B7: 409 | C7: SEPARACAO | D7: 250896 | E7: Hugo Clementino Nunes | F7: 499 | G7: 6.21 | H7: 80 | I7: 105 | J7: GPA | K7: =IF(I7<>"",I7,IFERROR(INDEX(Base!$I:$I,MATCH(1,(Base!$C:$C=C7)*(Base!$I:$I<>""),0)),0)) | L7: =IF(AND(I7="",K7>0),"SIM","NÃO") | M7: =IF(ISNUMBER(SEARCH("SEPARA",UPPER(C7))),"NÃO","SIM") | N7: =IFERROR(H7/K7,0) | O7: =IF(M7="NÃO","EXCLUÍDO",IF(N7<Premissas!$B$8,"< 1,00",IF(N7<Premissas!$B$9,"1,00 – 1,19",IF(N7<Premissas!$B$10,"1,20 – 1,39",IF(N7<Premissas!$B$11,"1,40 – 1,59",IF(N7<Premissas!$B$12,"1,60 – 1,99","≥ 2,00")))))) | P7: =IF(OR(M7="NÃO",N7<Premissas!$B$8),Premissas!$B$13,IF(N7<Premissas!$B$9,Premissas!$B$14,IF(N7<Premissas!$B$10,Premissas!$B$15,IF(N7<Premissas!$B$11,Premissas!$B$16,IF(N7<Premissas!$B$12,Premissas!$B$17,Premissas!$B$18))))) | Q7: =IFERROR(P7/Premissas!$B$4,0)
A8: 7 | B8: 409 | C8: PUXADA RECEB | D8: 251239 | E8: Mauricio Rodrigues | F8: 124 | G8: 7.08 | H8: 18 | I8: 22 | J8: GPA | K8: =IF(I8<>"",I8,IFERROR(INDEX(Base!$I:$I,MATCH(1,(Base!$C:$C=C8)*(Base!$I:$I<>""),0)),0)) | L8: =IF(AND(I8="",K8>0),"SIM","NÃO") | M8: =IF(ISNUMBER(SEARCH("SEPARA",UPPER(C8))),"NÃO","SIM") | N8: =IFERROR(H8/K8,0) | O8: =IF(M8="NÃO","EXCLUÍDO",IF(N8<Premissas!$B$8,"< 1,00",IF(N8<Premissas!$B$9,"1,00 – 1,19",IF(N8<Premissas!$B$10,"1,20 – 1,39",IF(N8<Premissas!$B$11,"1,40 – 1,59",IF(N8<Premissas!$B$12,"1,60 – 1,99","≥ 2,00")))))) | P8: =IF(OR(M8="NÃO",N8<Premissas!$B$8),Premissas!$B$13,IF(N8<Premissas!$B$9,Premissas!$B$14,IF(N8<Premissas!$B$10,Premissas!$B$15,IF(N8<Premissas!$B$11,Premissas!$B$16,IF(N8<Premissas!$B$12,Premissas!$B$17,Premissas!$B$18))))) | Q8: =IFERROR(P8/Premissas!$B$4,0)
A9: 7 | B9: 409 | C9: PUXADA RECEB | D9: 251240 | E9: Gildo Antonio Barbosa | F9: 38 | G9: 1.3 | H9: 29 | I9: 22 | J9: GPA | K9: =IF(I9<>"",I9,IFERROR(INDEX(Base!$I:$I,MATCH(1,(Base!$C:$C=C9)*(Base!$I:$I<>""),0)),0)) | L9: =IF(AND(I9="",K9>0),"SIM","NÃO") | M9: =IF(ISNUMBER(SEARCH("SEPARA",UPPER(C9))),"NÃO","SIM") | N9: =IFERROR(H9/K9,0) | O9: =IF(M9="NÃO","EXCLUÍDO",IF(N9<Premissas!$B$8,"< 1,00",IF(N9<Premissas!$B$9,"1,00 – 1,19",IF(N9<Premissas!$B$10,"1,20 – 1,39",IF(N9<Premissas!$B$11,"1,40 – 1,59",IF(N9<Premissas!$B$12,"1,60 – 1,99","≥ 2,00")))))) | P9: =IF(OR(M9="NÃO",N9<Premissas!$B$8),Premissas!$B$13,IF(N9<Premissas!$B$9,Premissas!$B$14,IF(N9<Premissas!$B$10,Premissas!$B$15,IF(N9<Premissas!$B$11,Premissas!$B$16,IF(N9<Premissas!$B$12,Premissas!$B$17,Premissas!$B$18))))) | Q9: =IFERROR(P9/Premissas!$B$4,0)
A10: 7 | B10: 409 | C10: RECEBIMENTO | D10: 251240 | E10: Gildo Antonio Barbosa | F10: 3278 | G10: 39.72 | H10: 83 | I10: 25 | J10: GPA | K10: =IF(I10<>"",I10,IFERROR(INDEX(Base!$I:$I,MATCH(1,(Base!$C:$C=C10)*(Base!$I:$I<>""),0)),0)) | L10: =IF(AND(I10="",K10>0),"SIM","NÃO") | M10: =IF(ISNUMBER(SEARCH("SEPARA",UPPER(C10))),"NÃO","SIM") | N10: =IFERROR(H10/K10,0) | O10: =IF(M10="NÃO","EXCLUÍDO",IF(N10<Premissas!$B$8,"< 1,00",IF(N10<Premissas!$B$9,"1,00 – 1,19",IF(N10<Premissas!$B$10,"1,20 – 1,39",IF(N10<Premissas!$B$11,"1,40 – 1,59",IF(N10<Premissas!$B$12,"1,60 – 1,99","≥ 2,00")))))) | P10: =IF(OR(M10="NÃO",N10<Premissas!$B$8),Premissas!$B$13,IF(N10<Premissas!$B$9,Premissas!$B$14,IF(N10<Premissas!$B$10,Premissas!$B$15,IF(N10<Premissas!$B$11,Premissas!$B$16,IF(N10<Premissas!$B$12,Premissas!$B$17,Premissas!$B$18))))) | Q10: =IFERROR(P10/Premissas!$B$4,0)
A11: 7 | B11: 409 | C11: CARREGAMENTO | D11: 255199 | E11: Gilberton Santana De Moura | F11: 344 | G11: 7.68 | H11: 45 | I11: 24 | J11: GPA | K11: =IF(I11<>"",I11,IFERROR(INDEX(Base!$I:$I,MATCH(1,(Base!$C:$C=C11)*(Base!$I:$I<>""),0)),0)) | L11: =IF(AND(I11="",K11>0),"SIM","NÃO") | M11: =IF(ISNUMBER(SEARCH("SEPARA",UPPER(C11))),"NÃO","SIM") | N11: =IFERROR(H11/K11,0) | O11: =IF(M11="NÃO","EXCLUÍDO",IF(N11<Premissas!$B$8,"< 1,00",IF(N11<Premissas!$B$9,"1,00 – 1,19",IF(N11<Premissas!$B$10,"1,20 – 1,39",IF(N11<Premissas!$B$11,"1,40 – 1,59",IF(N11<Premissas!$B$12,"1,60 – 1,99","≥ 2,00")))))) | P11: =IF(OR(M11="NÃO",N11<Premissas!$B$8),Premissas!$B$13,IF(N11<Premissas!$B$9,Premissas!$B$14,IF(N11<Premissas!$B$10,Premissas!$B$15,IF(N11<Premissas!$B$11,Premissas!$B$16,IF(N11<Premissas!$B$12,Premissas!$B$17,Premissas!$B$18))))) | Q11: =IFERROR(P11/Premissas!$B$4,0)
A12: 7 | B12: 409 | C12: ATIVIDADE OP. EMP. | D12: 264318 | E12: Flavio Soares Da Silva | F12: 2828 | G12: 66.5 | H12: 43 | I12: 25 | J12: GPA | K12: =IF(I12<>"",I12,IFERROR(INDEX(Base!$I:$I,MATCH(1,(Base!$C:$C=C12)*(Base!$I:$I<>""),0)),0)) | L12: =IF(AND(I12="",K12>0),"SIM","NÃO") | M12: =IF(ISNUMBER(SEARCH("SEPARA",UPPER(C12))),"NÃO","SIM") | N12: =IFERROR(H12/K12,0) | O12: =IF(M12="NÃO","EXCLUÍDO",IF(N12<Premissas!$B$8,"< 1,00",IF(N12<Premissas!$B$9,"1,00 – 1,19",IF(N12<Premissas!$B$10,"1,20 – 1,39",IF(N12<Premissas!$B$11,"1,40 – 1,59",IF(N12<Premissas!$B$12,"1,60 – 1,99","≥ 2,00")))))) | P12: =IF(OR(M12="NÃO",N12<Premissas!$B$8),Premissas!$B$13,IF(N12<Premissas!$B$9,Premissas!$B$14,IF(N12<Premissas!$B$10,Premissas!$B$15,IF(N12<Premissas!$B$11,Premissas!$B$16,IF(N12<Premissas!$B$12,Premissas!$B$17,Premissas!$B$18))))) | Q12: =IFERROR(P12/Premissas!$B$4,0)
A13: 7 | B13: 409 | C13: SEPARACAO | D13: 264318 | E13: Flavio Soares Da Silva | F13: 714 | G13: 3.65 | H13: 196 | I13: 105 | J13: GPA | K13: =IF(I13<>"",I13,IFERROR(INDEX(Base!$I:$I,MATCH(1,(Base!$C:$C=C13)*(Base!$I:$I<>""),0)),0)) | L13: =IF(AND(I13="",K13>0),"SIM","NÃO") | M13: =IF(ISNUMBER(SEARCH("SEPARA",UPPER(C13))),"NÃO","SIM") | N13: =IFERROR(H13/K13,0) | O13: =IF(M13="NÃO","EXCLUÍDO",IF(N13<Premissas!$B$8,"< 1,00",IF(N13<Premissas!$B$9,"1,00 – 1,19",IF(N13<Premissas!$B$10,"1,20 – 1,39",IF(N13<Premissas!$B$11,"1,40 – 1,59",IF(N13<Premissas!$B$12,"1,60 – 1,99","≥ 2,00")))))) | P13: =IF(OR(M13="NÃO",N13<Premissas!$B$8),Premissas!$B$13,IF(N13<Premissas!$B$9,Premissas!$B$14,IF(N13<Premissas!$B$10,Premissas!$B$15,IF(N13<Premissas!$B$11,Premissas!$B$16,IF(N13<Premissas!$B$12,Premissas!$B$17,Premissas!$B$18))))) | Q13: =IFERROR(P13/Premissas!$B$4,0)
... A2091: 8 | B2091: 1942 | C2091: ATIVIDADE OP. EMP. | D2091: 85456 | E2091: GENIVALDO MANOEL | F2091: 1186 | G2091: 93.17 | H2091: 13 | I2091: 20 | J2091: GPA | K2091: =IF(I2091<>"",I2091,IFERROR(INDEX(Base!$I:$I,MATCH(1,(Base!$C:$C=C2091)*(Base!$I:$I<>""),0)),0)) | L2091: =IF(AND(I2091="",K2091>0),"SIM","NÃO") | M2091: =IF(ISNUMBER(SEARCH("SEPARA",UPPER(C2091))),"NÃO","SIM") | N2091: =IFERROR(H2091/K2091,0) | O2091: =IF(M2091="NÃO","EXCLUÍDO",IF(N2091<Premissas!$B$8,"< 1,00",IF(N2091<Premissas!$B$9,"1,00 – 1,19",IF(N2091<Premissas!$B$10,"1,20 – 1,39",IF(N2091<Premissas!$B$11,"1,40 – 1,59",IF(N2091<Premissas!$B$12,"1,60 – 1,99","≥ 2,00")))))) | P2091: =IF(OR(M2091="NÃO",N2091<Premissas!$B$8),Premissas!$B$13,IF(N2091<Premissas!$B$9,Premissas!$B$14,IF(N2091<Premissas!$B$10,Premissas!$B$15,IF(N2091<Premissas!$B$11,Premissas!$B$16,IF(N2091<Premissas!$B$12,Premissas!$B$17,Premissas!$B$18))))) | Q2091: =IFERROR(P2091/Premissas!$B$4,0)
A2092: 8 | B2092: 409 | C2092: ATIVIDADE OP. EMP. | D2092: 182403 | E2092: Reginaldo Alves Araujo | F2092: 2378 | G2092: 63.7 | H2092: 37 | I2092: 25 | J2092: GPA | K2092: =IF(I2092<>"",I2092,IFERROR(INDEX(Base!$I:$I,MATCH(1,(Base!$C:$C=C2092)*(Base!$I:$I<>""),0)),0)) | L2092: =IF(AND(I2092="",K2092>0),"SIM","NÃO") | M2092: =IF(ISNUMBER(SEARCH("SEPARA",UPPER(C2092))),"NÃO","SIM") | N2092: =IFERROR(H2092/K2092,0) | O2092: =IF(M2092="NÃO","EXCLUÍDO",IF(N2092<Premissas!$B$8,"< 1,00",IF(N2092<Premissas!$B$9,"1,00 – 1,19",IF(N2092<Premissas!$B$10,"1,20 – 1,39",IF(N2092<Premissas!$B$11,"1,40 – 1,59",IF(N2092<Premissas!$B$12,"1,60 – 1,99","≥ 2,00")))))) | P2092: =IF(OR(M2092="NÃO",N2092<Premissas!$B$8),Premissas!$B$13,IF(N2092<Premissas!$B$9,Premissas!$B$14,IF(N2092<Premissas!$B$10,Premissas!$B$15,IF(N2092<Premissas!$B$11,Premissas!$B$16,IF(N2092<Premissas!$B$12,Premissas!$B$17,Premissas!$B$18))))) | Q2092: =IFERROR(P2092/Premissas!$B$4,0)
A2093: 8 | B2093: 409 | C2093: RECEBIMENTO | D2093: 182403 | E2093: Reginaldo Alves Araujo | F2093: 1 | G2093: 0.17 | H2093: 6 | I2093: 25 | J2093: GPA | K2093: =IF(I2093<>"",I2093,IFERROR(INDEX(Base!$I:$I,MATCH(1,(Base!$C:$C=C2093)*(Base!$I:$I<>""),0)),0)) | L2093: =IF(AND(I2093="",K2093>0),"SIM","NÃO") | M2093: =IF(ISNUMBER(SEARCH("SEPARA",UPPER(C2093))),"NÃO","SIM") | N2093: =IFERROR(H2093/K2093,0) | O2093: =IF(M2093="NÃO","EXCLUÍDO",IF(N2093<Premissas!$B$8,"< 1,00",IF(N2093<Premissas!$B$9,"1,00 – 1,19",IF(N2093<Premissas!$B$10,"1,20 – 1,39",IF(N2093<Premissas!$B$11,"1,40 – 1,59",IF(N2093<Premissas!$B$12,"1,60 – 1,99","≥ 2,00")))))) | P2093: =IF(OR(M2093="NÃO",N2093<Premissas!$B$8),Premissas!$B$13,IF(N2093<Premissas!$B$9,Premissas!$B$14,IF(N2093<Premissas!$B$10,Premissas!$B$15,IF(N2093<Premissas!$B$11,Premissas!$B$16,IF(N2093<Premissas!$B$12,Premissas!$B$17,Premissas!$B$18))))) | Q2093: =IFERROR(P2093/Premissas!$B$4,0)
A2094: 8 | B2094: 409 | C2094: ATIVIDADE OP. EMP. | D2094: 245370 | E2094: Carlos Alberto Da Luz Teixeira | F2094: 1847 | G2094: 61.46 | H2094: 30 | I2094: 25 | J2094: GPA | K2094: =IF(I2094<>"",I2094,IFERROR(INDEX(Base!$I:$I,MATCH(1,(Base!$C:$C=C2094)*(Base!$I:$I<>""),0)),0)) | L2094: =IF(AND(I2094="",K2094>0),"SIM","NÃO") | M2094: =IF(ISNUMBER(SEARCH("SEPARA",UPPER(C2094))),"NÃO","SIM") | N2094: =IFERROR(H2094/K2094,0) | O2094: =IF(M2094="NÃO","EXCLUÍDO",IF(N2094<Premissas!$B$8,"< 1,00",IF(N2094<Premissas!$B$9,"1,00 – 1,19",IF(N2094<Premissas!$B$10,"1,20 – 1,39",IF(N2094<Premissas!$B$11,"1,40 – 1,59",IF(N2094<Premissas!$B$12,"1,60 – 1,99","≥ 2,00")))))) | P2094: =IF(OR(M2094="NÃO",N2094<Premissas!$B$8),Premissas!$B$13,IF(N2094<Premissas!$B$9,Premissas!$B$14,IF(N2094<Premissas!$B$10,Premissas!$B$15,IF(N2094<Premissas!$B$11,Premissas!$B$16,IF(N2094<Premissas!$B$12,Premissas!$B$17,Premissas!$B$18))))) | Q2094: =IFERROR(P2094/Premissas!$B$4,0)
A2095: 8 | B2095: 409 | C2095: CARREGAMENTO | D2095: 250187 | E2095: Marcio Da Silva Rodrigues | F2095: 31 | G2095: 0.38 | H2095: 82 | I2095: 24 | J2095: GPA | K2095: =IF(I2095<>"",I2095,IFERROR(INDEX(Base!$I:$I,MATCH(1,(Base!$C:$C=C2095)*(Base!$I:$I<>""),0)),0)) | L2095: =IF(AND(I2095="",K2095>0),"SIM","NÃO") | M2095: =IF(ISNUMBER(SEARCH("SEPARA",UPPER(C2095))),"NÃO","SIM") | N2095: =IFERROR(H2095/K2095,0) | O2095: =IF(M2095="NÃO","EXCLUÍDO",IF(N2095<Premissas!$B$8,"< 1,00",IF(N2095<Premissas!$B$9,"1,00 – 1,19",IF(N2095<Premissas!$B$10,"1,20 – 1,39",IF(N2095<Premissas!$B$11,"1,40 – 1,59",IF(N2095<Premissas!$B$12,"1,60 – 1,99","≥ 2,00")))))) | P2095: =IF(OR(M2095="NÃO",N2095<Premissas!$B$8),Premissas!$B$13,IF(N2095<Premissas!$B$9,Premissas!$B$14,IF(N2095<Premissas!$B$10,Premissas!$B$15,IF(N2095<Premissas!$B$11,Premissas!$B$16,IF(N2095<Premissas!$B$12,Premissas!$B$17,Premissas!$B$18))))) | Q2095: =IFERROR(P2095/Premissas!$B$4,0)
A2096: 8 | B2096: 409 | C2096: RECEBIMENTO | D2096: 250187 | E2096: Marcio Da Silva Rodrigues | F2096: 1249 | G2096: 29.61 | H2096: 42 | I2096: 25 | J2096: GPA | K2096: =IF(I2096<>"",I2096,IFERROR(INDEX(Base!$I:$I,MATCH(1,(Base!$C:$C=C2096)*(Base!$I:$I<>""),0)),0)) | L2096: =IF(AND(I2096="",K2096>0),"SIM","NÃO") | M2096: =IF(ISNUMBER(SEARCH("SEPARA",UPPER(C2096))),"NÃO","SIM") | N2096: =IFERROR(H2096/K2096,0) | O2096: =IF(M2096="NÃO","EXCLUÍDO",IF(N2096<Premissas!$B$8,"< 1,00",IF(N2096<Premissas!$B$9,"1,00 – 1,19",IF(N2096<Premissas!$B$10,"1,20 – 1,39",IF(N2096<Premissas!$B$11,"1,40 – 1,59",IF(N2096<Premissas!$B$12,"1,60 – 1,99","≥ 2,00")))))) | P2096: =IF(OR(M2096="NÃO",N2096<Premissas!$B$8),Premissas!$B$13,IF(N2096<Premissas!$B$9,Premissas!$B$14,IF(N2096<Premissas!$B$10,Premissas!$B$15,IF(N2096<Premissas!$B$11,Premissas!$B$16,IF(N2096<Premissas!$B$12,Premissas!$B$17,Premissas!$B$18))))) | Q2096: =IFERROR(P2096/Premissas!$B$4,0)
A2097: 8 | B2097: 409 | C2097: PUXADA RECEB | D2097: 250896 | E2097: Hugo Clementino Nunes | F2097: 5 | G2097: 1.42 | H2097: 4 | I2097: 22 | J2097: GPA | K2097: =IF(I2097<>"",I2097,IFERROR(INDEX(Base!$I:$I,MATCH(1,(Base!$C:$C=C2097)*(Base!$I:$I<>""),0)),0)) | L2097: =IF(AND(I2097="",K2097>0),"SIM","NÃO") | M2097: =IF(ISNUMBER(SEARCH("SEPARA",UPPER(C2097))),"NÃO","SIM") | N2097: =IFERROR(H2097/K2097,0) | O2097: =IF(M2097="NÃO","EXCLUÍDO",IF(N2097<Premissas!$B$8,"< 1,00",IF(N2097<Premissas!$B$9,"1,00 – 1,19",IF(N2097<Premissas!$B$10,"1,20 – 1,39",IF(N2097<Premissas!$B$11,"1,40 – 1,59",IF(N2097<Premissas!$B$12,"1,60 – 1,99","≥ 2,00")))))) | P2097: =IF(OR(M2097="NÃO",N2097<Premissas!$B$8),Premissas!$B$13,IF(N2097<Premissas!$B$9,Premissas!$B$14,IF(N2097<Premissas!$B$10,Premissas!$B$15,IF(N2097<Premissas!$B$11,Premissas!$B$16,IF(N2097<Premissas!$B$12,Premissas!$B$17,Premissas!$B$18))))) | Q2097: =IFERROR(P2097/Premissas!$B$4,0)
A2098: 8 | B2098: 409 | C2098: PUXADA RECEB | D2098: 251239 | E2098: Mauricio Rodrigues | F2098: 31 | G2098: 13.25 | H2098: 2 | I2098: 22 | J2098: GPA | K2098: =IF(I2098<>"",I2098,IFERROR(INDEX(Base!$I:$I,MATCH(1,(Base!$C:$C=C2098)*(Base!$I:$I<>""),0)),0)) | L2098: =IF(AND(I2098="",K2098>0),"SIM","NÃO") | M2098: =IF(ISNUMBER(SEARCH("SEPARA",UPPER(C2098))),"NÃO","SIM") | N2098: =IFERROR(H2098/K2098,0) | O2098: =IF(M2098="NÃO","EXCLUÍDO",IF(N2098<Premissas!$B$8,"< 1,00",IF(N2098<Premissas!$B$9,"1,00 – 1,19",IF(N2098<Premissas!$B$10,"1,20 – 1,39",IF(N2098<Premissas!$B$11,"1,40 – 1,59",IF(N2098<Premissas!$B$12,"1,60 – 1,99","≥ 2,00")))))) | P2098: =IF(OR(M2098="NÃO",N2098<Premissas!$B$8),Premissas!$B$13,IF(N2098<Premissas!$B$9,Premissas!$B$14,IF(N2098<Premissas!$B$10,Premissas!$B$15,IF(N2098<Premissas!$B$11,Premissas!$B$16,IF(N2098<Premissas!$B$12,Premissas!$B$17,Premissas!$B$18))))) | Q2098: =IFERROR(P2098/Premissas!$B$4,0)
A2099: 8 | B2099: 409 | C2099: RECEBIMENTO | D2099: 251239 | E2099: Mauricio Rodrigues | F2099: 1 | G2099: 1.15 | H2099: 1 | I2099: 25 | J2099: GPA | K2099: =IF(I2099<>"",I2099,IFERROR(INDEX(Base!$I:$I,MATCH(1,(Base!$C:$C=C2099)*(Base!$I:$I<>""),0)),0)) | L2099: =IF(AND(I2099="",K2099>0),"SIM","NÃO") | M2099: =IF(ISNUMBER(SEARCH("SEPARA",UPPER(C2099))),"NÃO","SIM") | N2099: =IFERROR(H2099/K2099,0) | O2099: =IF(M2099="NÃO","EXCLUÍDO",IF(N2099<Premissas!$B$8,"< 1,00",IF(N2099<Premissas!$B$9,"1,00 – 1,19",IF(N2099<Premissas!$B$10,"1,20 – 1,39",IF(N2099<Premissas!$B$11,"1,40 – 1,59",IF(N2099<Premissas!$B$12,"1,60 – 1,99","≥ 2,00")))))) | P2099: =IF(OR(M2099="NÃO",N2099<Premissas!$B$8),Premissas!$B$13,IF(N2099<Premissas!$B$9,Premissas!$B$14,IF(N2099<Premissas!$B$10,Premissas!$B$15,IF(N2099<Premissas!$B$11,Premissas!$B$16,IF(N2099<Premissas!$B$12,Premissas!$B$17,Premissas!$B$18))))) | Q2099: =IFERROR(P2099/Premissas!$B$4,0)
A2100: 8 | B2100: 409 | C2100: PUXADA RECEB | D2100: 251240 | E2100: Gildo Antonio Barbosa | F2100: 56 | G2100: 1.9 | H2100: 29 | I2100: 22 | J2100: GPA | K2100: =IF(I2100<>"",I2100,IFERROR(INDEX(Base!$I:$I,MATCH(1,(Base!$C:$C=C2100)*(Base!$I:$I<>""),0)),0)) | L2100: =IF(AND(I2100="",K2100>0),"SIM","NÃO") | M2100: =IF(ISNUMBER(SEARCH("SEPARA",UPPER(C2100))),"NÃO","SIM") | N2100: =IFERROR(H2100/K2100,0) | O2100: =IF(M2100="NÃO","EXCLUÍDO",IF(N2100<Premissas!$B$8,"< 1,00",IF(N2100<Premissas!$B$9,"1,00 – 1,19",IF(N2100<Premissas!$B$10,"1,20 – 1,39",IF(N2100<Premissas!$B$11,"1,40 – 1,59",IF(N2100<Premissas!$B$12,"1,60 – 1,99","≥ 2,00")))))) | P2100: =IF(OR(M2100="NÃO",N2100<Premissas!$B$8),Premissas!$B$13,IF(N2100<Premissas!$B$9,Premissas!$B$14,IF(N2100<Premissas!$B$10,Premissas!$B$15,IF(N2100<Premissas!$B$11,Premissas!$B$16,IF(N2100<Premissas!$B$12,Premissas!$B$17,Premissas!$B$18))))) | Q2100: =IFERROR(P2100/Premissas!$B$4,0)
A2101: 8 | B2101: 409 | C2101: RECEBIMENTO | D2101: 251240 | E2101: Gildo Antonio Barbosa | F2101: 2743 | G2101: 36.99 | H2101: 74 | I2101: 25 | J2101: GPA | K2101: =IF(I2101<>"",I2101,IFERROR(INDEX(Base!$I:$I,MATCH(1,(Base!$C:$C=C2101)*(Base!$I:$I<>""),0)),0)) | L2101: =IF(AND(I2101="",K2101>0),"SIM","NÃO") | M2101: =IF(ISNUMBER(SEARCH("SEPARA",UPPER(C2101))),"NÃO","SIM") | N2101: =IFERROR(H2101/K2101,0) | O2101: =IF(M2101="NÃO","EXCLUÍDO",IF(N2101<Premissas!$B$8,"< 1,00",IF(N2101<Premissas!$B$9,"1,00 – 1,19",IF(N2101<Premissas!$B$10,"1,20 – 1,39",IF(N2101<Premissas!$B$11,"1,40 – 1,59",IF(N2101<Premissas!$B$12,"1,60 – 1,99","≥ 2,00")))))) | P2101: =IF(OR(M2101="NÃO",N2101<Premissas!$B$8),Premissas!$B$13,IF(N2101<Premissas!$B$9,Premissas!$B$14,IF(N2101<Premissas!$B$10,Premissas!$B$15,IF(N2101<Premissas!$B$11,Premissas!$B$16,IF(N2101<Premissas!$B$12,Premissas!$B$17,Premissas!$B$18))))) | Q2101: =IFERROR(P2101/Premissas!$B$4,0)
A2102: 8 | B2102: 409 | C2102: CARREGAMENTO | D2102: 255199 | E2102: Gilberton Santana De Moura | F2102: 161 | G2102: 4.13 | H2102: 39 | I2102: 24 | J2102: GPA | K2102: =IF(I2102<>"",I2102,IFERROR(INDEX(Base!$I:$I,MATCH(1,(Base!$C:$C=C2102)*(Base!$I:$I<>""),0)),0)) | L2102: =IF(AND(I2102="",K2102>0),"SIM","NÃO") | M2102: =IF(ISNUMBER(SEARCH("SEPARA",UPPER(C2102))),"NÃO","SIM") | N2102: =IFERROR(H2102/K2102,0) | O2102: =IF(M2102="NÃO","EXCLUÍDO",IF(N2102<Premissas!$B$8,"< 1,00",IF(N2102<Premissas!$B$9,"1,00 – 1,19",IF(N2102<Premissas!$B$10,"1,20 – 1,39",IF(N2102<Premissas!$B$11,"1,40 – 1,59",IF(N2102<Premissas!$B$12,"1,60 – 1,99","≥ 2,00")))))) | P2102: =IF(OR(M2102="NÃO",N2102<Premissas!$B$8),Premissas!$B$13,IF(N2102<Premissas!$B$9,Premissas!$B$14,IF(N2102<Premissas!$B$10,Premissas!$B$15,IF(N2102<Premissas!$B$11,Premissas!$B$16,IF(N2102<Premissas!$B$12,Premissas!$B$17,Premissas!$B$18))))) | Q2102: =IFERROR(P2102/Premissas!$B$4,0)
A2103: 8 | B2103: 409 | C2103: ATIVIDADE OP. EMP. | D2103: 264318 | E2103: Flavio Soares Da Silva | F2103: 1467 | G2103: 34.83 | H2103: 42 | I2103: 25 | J2103: GPA | K2103: =IF(I2103<>"",I2103,IFERROR(INDEX(Base!$I:$I,MATCH(1,(Base!$C:$C=C2103)*(Base!$I:$I<>""),0)),0)) | L2103: =IF(AND(I2103="",K2103>0),"SIM","NÃO") | M2103: =IF(ISNUMBER(SEARCH("SEPARA",UPPER(C2103))),"NÃO","SIM") | N2103: =IFERROR(H2103/K2103,0) | O2103: =IF(M2103="NÃO","EXCLUÍDO",IF(N2103<Premissas!$B$8,"< 1,00",IF(N2103<Premissas!$B$9,"1,00 – 1,19",IF(N2103<Premissas!$B$10,"1,20 – 1,39",IF(N2103<Premissas!$B$11,"1,40 – 1,59",IF(N2103<Premissas!$B$12,"1,60 – 1,99","≥ 2,00")))))) | P2103: =IF(OR(M2103="NÃO",N2103<Premissas!$B$8),Premissas!$B$13,IF(N2103<Premissas!$B$9,Premissas!$B$14,IF(N2103<Premissas!$B$10,Premissas!$B$15,IF(N2103<Premissas!$B$11,Premissas!$B$16,IF(N2103<Premissas!$B$12,Premissas!$B$17,Premissas!$B$18))))) | Q2103: =IFERROR(P2103/Premissas!$B$4,0)
... A2945: 8 | B2945: 1965 | C2945: CARREGAMENTO | D2945: 2958732 | E2945: Gilvana Oliveira De Araujo | F2945: 192 | G2945: 9.96 | H2945: 19 | I2945: 0 | J2945: GPA | K2945: =IF(I2945<>"",I2945,IFERROR(INDEX(Base!$I:$I,MATCH(1,(Base!$C:$C=C2945)*(Base!$I:$I<>""),0)),0)) | L2945: =IF(AND(I2945="",K2945>0),"SIM","NÃO") | M2945: =IF(ISNUMBER(SEARCH("SEPARA",UPPER(C2945))),"NÃO","SIM") | N2945: =IFERROR(H2945/K2945,0) | O2945: =IF(M2945="NÃO","EXCLUÍDO",IF(N2945<Premissas!$B$8,"< 1,00",IF(N2945<Premissas!$B$9,"1,00 – 1,19",IF(N2945<Premissas!$B$10,"1,20 – 1,39",IF(N2945<Premissas!$B$11,"1,40 – 1,59",IF(N2945<Premissas!$B$12,"1,60 – 1,99","≥ 2,00")))))) | P2945: =IF(OR(M2945="NÃO",N2945<Premissas!$B$8),Premissas!$B$13,IF(N2945<Premissas!$B$9,Premissas!$B$14,IF(N2945<Premissas!$B$10,Premissas!$B$15,IF(N2945<Premissas!$B$11,Premissas!$B$16,IF(N2945<Premissas!$B$12,Premissas!$B$17,Premissas!$B$18))))) | Q2945: =IFERROR(P2945/Premissas!$B$4,0)
A2946: 8 | B2946: 1965 | C2946: SEPARACAO | D2946: 2991799 | E2946: Gustavo De Mello Dos Santos | F2946: 297 | G2946: 8.07 | H2946: 37 | J2946: GPA | K2946: =IF(I2946<>"",I2946,IFERROR(INDEX(Base!$I:$I,MATCH(1,(Base!$C:$C=C2946)*(Base!$I:$I<>""),0)),0)) | L2946: =IF(AND(I2946="",K2946>0),"SIM","NÃO") | M2946: =IF(ISNUMBER(SEARCH("SEPARA",UPPER(C2946))),"NÃO","SIM") | N2946: =IFERROR(H2946/K2946,0) | O2946: =IF(M2946="NÃO","EXCLUÍDO",IF(N2946<Premissas!$B$8,"< 1,00",IF(N2946<Premissas!$B$9,"1,00 – 1,19",IF(N2946<Premissas!$B$10,"1,20 – 1,39",IF(N2946<Premissas!$B$11,"1,40 – 1,59",IF(N2946<Premissas!$B$12,"1,60 – 1,99","≥ 2,00")))))) | P2946: =IF(OR(M2946="NÃO",N2946<Premissas!$B$8),Premissas!$B$13,IF(N2946<Premissas!$B$9,Premissas!$B$14,IF(N2946<Premissas!$B$10,Premissas!$B$15,IF(N2946<Premissas!$B$11,Premissas!$B$16,IF(N2946<Premissas!$B$12,Premissas!$B$17,Premissas!$B$18))))) | Q2946: =IFERROR(P2946/Premissas!$B$4,0)
A2947: 8 | B2947: 1965 | C2947: RECEBIMENTO | D2947: 30307 | E2947: MARIA VANDA DOS ANJOS CRUZ | F2947: 153 | G2947: 20.01 | H2947: 8 | I2947: 0 | J2947: GPA | K2947: =IF(I2947<>"",I2947,IFERROR(INDEX(Base!$I:$I,MATCH(1,(Base!$C:$C=C2947)*(Base!$I:$I<>""),0)),0)) | L2947: =IF(AND(I2947="",K2947>0),"SIM","NÃO") | M2947: =IF(ISNUMBER(SEARCH("SEPARA",UPPER(C2947))),"NÃO","SIM") | N2947: =IFERROR(H2947/K2947,0) | O2947: =IF(M2947="NÃO","EXCLUÍDO",IF(N2947<Premissas!$B$8,"< 1,00",IF(N2947<Premissas!$B$9,"1,00 – 1,19",IF(N2947<Premissas!$B$10,"1,20 – 1,39",IF(N2947<Premissas!$B$11,"1,40 – 1,59",IF(N2947<Premissas!$B$12,"1,60 – 1,99","≥ 2,00")))))) | P2947: =IF(OR(M2947="NÃO",N2947<Premissas!$B$8),Premissas!$B$13,IF(N2947<Premissas!$B$9,Premissas!$B$14,IF(N2947<Premissas!$B$10,Premissas!$B$15,IF(N2947<Premissas!$B$11,Premissas!$B$16,IF(N2947<Premissas!$B$12,Premissas!$B$17,Premissas!$B$18))))) | Q2947: =IFERROR(P2947/Premissas!$B$4,0)
A2948: 8 | B2948: 1965 | C2948: ATIVIDADE OP. EMP. | D2948: 308129 | E2948: Silvio Rodrigues Da Macena | F2948: 57 | G2948: 9.52 | H2948: 6 | I2948: 0 | J2948: GPA | K2948: =IF(I2948<>"",I2948,IFERROR(INDEX(Base!$I:$I,MATCH(1,(Base!$C:$C=C2948)*(Base!$I:$I<>""),0)),0)) | L2948: =IF(AND(I2948="",K2948>0),"SIM","NÃO") | M2948: =IF(ISNUMBER(SEARCH("SEPARA",UPPER(C2948))),"NÃO","SIM") | N2948: =IFERROR(H2948/K2948,0) | O2948: =IF(M2948="NÃO","EXCLUÍDO",IF(N2948<Premissas!$B$8,"< 1,00",IF(N2948<Premissas!$B$9,"1,00 – 1,19",IF(N2948<Premissas!$B$10,"1,20 – 1,39",IF(N2948<Premissas!$B$11,"1,40 – 1,59",IF(N2948<Premissas!$B$12,"1,60 – 1,99","≥ 2,00")))))) | P2948: =IF(OR(M2948="NÃO",N2948<Premissas!$B$8),Premissas!$B$13,IF(N2948<Premissas!$B$9,Premissas!$B$14,IF(N2948<Premissas!$B$10,Premissas!$B$15,IF(N2948<Premissas!$B$11,Premissas!$B$16,IF(N2948<Premissas!$B$12,Premissas!$B$17,Premissas!$B$18))))) | Q2948: =IFERROR(P2948/Premissas!$B$4,0)
A2949: 8 | B2949: 1965 | C2949: RECEBIMENTO | D2949: 308129 | E2949: Silvio Rodrigues Da Macena | F2949: 1 | G2949: 0.46 | H2949: 2 | I2949: 0 | J2949: GPA | K2949: =IF(I2949<>"",I2949,IFERROR(INDEX(Base!$I:$I,MATCH(1,(Base!$C:$C=C2949)*(Base!$I:$I<>""),0)),0)) | L2949: =IF(AND(I2949="",K2949>0),"SIM","NÃO") | M2949: =IF(ISNUMBER(SEARCH("SEPARA",UPPER(C2949))),"NÃO","SIM") | N2949: =IFERROR(H2949/K2949,0) | O2949: =IF(M2949="NÃO","EXCLUÍDO",IF(N2949<Premissas!$B$8,"< 1,00",IF(N2949<Premissas!$B$9,"1,00 – 1,19",IF(N2949<Premissas!$B$10,"1,20 – 1,39",IF(N2949<Premissas!$B$11,"1,40 – 1,59",IF(N2949<Premissas!$B$12,"1,60 – 1,99","≥ 2,00")))))) | P2949: =IF(OR(M2949="NÃO",N2949<Premissas!$B$8),Premissas!$B$13,IF(N2949<Premissas!$B$9,Premissas!$B$14,IF(N2949<Premissas!$B$10,Premissas!$B$15,IF(N2949<Premissas!$B$11,Premissas!$B$16,IF(N2949<Premissas!$B$12,Premissas!$B$17,Premissas!$B$18))))) | Q2949: =IFERROR(P2949/Premissas!$B$4,0)
A2950: 8 | B2950: 1965 | C2950: ATIVIDADE OP. EMP. | D2950: 308965 | E2950: ANDRE FERREIRA APOLINARIO | F2950: 961 | G2950: 104.26 | H2950: 9 | I2950: 0 | J2950: GPA | K2950: =IF(I2950<>"",I2950,IFERROR(INDEX(Base!$I:$I,MATCH(1,(Base!$C:$C=C2950)*(Base!$I:$I<>""),0)),0)) | L2950: =IF(AND(I2950="",K2950>0),"SIM","NÃO") | M2950: =IF(ISNUMBER(SEARCH("SEPARA",UPPER(C2950))),"NÃO","SIM") | N2950: =IFERROR(H2950/K2950,0) | O2950: =IF(M2950="NÃO","EXCLUÍDO",IF(N2950<Premissas!$B$8,"< 1,00",IF(N2950<Premissas!$B$9,"1,00 – 1,19",IF(N2950<Premissas!$B$10,"1,20 – 1,39",IF(N2950<Premissas!$B$11,"1,40 – 1,59",IF(N2950<Premissas!$B$12,"1,60 – 1,99","≥ 2,00")))))) | P2950: =IF(OR(M2950="NÃO",N2950<Premissas!$B$8),Premissas!$B$13,IF(N2950<Premissas!$B$9,Premissas!$B$14,IF(N2950<Premissas!$B$10,Premissas!$B$15,IF(N2950<Premissas!$B$11,Premissas!$B$16,IF(N2950<Premissas!$B$12,Premissas!$B$17,Premissas!$B$18))))) | Q2950: =IFERROR(P2950/Premissas!$B$4,0)
A2951: 8 | B2951: 1965 | C2951: RECEBIMENTO | D2951: 3155196 | E2951: CLAUDIO ROBERTO OTAVIO | F2951: 785 | G2951: 89.69 | H2951: 9 | I2951: 0 | J2951: GPA | K2951: =IF(I2951<>"",I2951,IFERROR(INDEX(Base!$I:$I,MATCH(1,(Base!$C:$C=C2951)*(Base!$I:$I<>""),0)),0)) | L2951: =IF(AND(I2951="",K2951>0),"SIM","NÃO") | M2951: =IF(ISNUMBER(SEARCH("SEPARA",UPPER(C2951))),"NÃO","SIM") | N2951: =IFERROR(H2951/K2951,0) | O2951: =IF(M2951="NÃO","EXCLUÍDO",IF(N2951<Premissas!$B$8,"< 1,00",IF(N2951<Premissas!$B$9,"1,00 – 1,19",IF(N2951<Premissas!$B$10,"1,20 – 1,39",IF(N2951<Premissas!$B$11,"1,40 – 1,59",IF(N2951<Premissas!$B$12,"1,60 – 1,99","≥ 2,00")))))) | P2951: =IF(OR(M2951="NÃO",N2951<Premissas!$B$8),Premissas!$B$13,IF(N2951<Premissas!$B$9,Premissas!$B$14,IF(N2951<Premissas!$B$10,Premissas!$B$15,IF(N2951<Premissas!$B$11,Premissas!$B$16,IF(N2951<Premissas!$B$12,Premissas!$B$17,Premissas!$B$18))))) | Q2951: =IFERROR(P2951/Premissas!$B$4,0)
A2952: 8 | B2952: 1965 | C2952: ATIVIDADE OP. EMP. | D2952: 316516 | E2952: EDMAR AGUIAR VIANA | F2952: 1909 | G2952: 177.75 | H2952: 11 | I2952: 0 | J2952: GPA | K2952: =IF(I2952<>"",I2952,IFERROR(INDEX(Base!$I:$I,MATCH(1,(Base!$C:$C=C2952)*(Base!$I:$I<>""),0)),0)) | L2952: =IF(AND(I2952="",K2952>0),"SIM","NÃO") | M2952: =IF(ISNUMBER(SEARCH("SEPARA",UPPER(C2952))),"NÃO","SIM") | N2952: =IFERROR(H2952/K2952,0) | O2952: =IF(M2952="NÃO","EXCLUÍDO",IF(N2952<Premissas!$B$8,"< 1,00",IF(N2952<Premissas!$B$9,"1,00 – 1,19",IF(N2952<Premissas!$B$10,"1,20 – 1,39",IF(N2952<Premissas!$B$11,"1,40 – 1,59",IF(N2952<Premissas!$B$12,"1,60 – 1,99","≥ 2,00")))))) | P2952: =IF(OR(M2952="NÃO",N2952<Premissas!$B$8),Premissas!$B$13,IF(N2952<Premissas!$B$9,Premissas!$B$14,IF(N2952<Premissas!$B$10,Premissas!$B$15,IF(N2952<Premissas!$B$11,Premissas!$B$16,IF(N2952<Premissas!$B$12,Premissas!$B$17,Premissas!$B$18))))) | Q2952: =IFERROR(P2952/Premissas!$B$4,0)
A2953: 8 | B2953: 1965 | C2953: ATIVIDADE OP. EMP. | D2953: 322452 | E2953: Givaldo Moreira Silva | F2953: 2709 | G2953: 159.88 | H2953: 17 | I2953: 0 | J2953: GPA | K2953: =IF(I2953<>"",I2953,IFERROR(INDEX(Base!$I:$I,MATCH(1,(Base!$C:$C=C2953)*(Base!$I:$I<>""),0)),0)) | L2953: =IF(AND(I2953="",K2953>0),"SIM","NÃO") | M2953: =IF(ISNUMBER(SEARCH("SEPARA",UPPER(C2953))),"NÃO","SIM") | N2953: =IFERROR(H2953/K2953,0) | O2953: =IF(M2953="NÃO","EXCLUÍDO",IF(N2953<Premissas!$B$8,"< 1,00",IF(N2953<Premissas!$B$9,"1,00 – 1,19",IF(N2953<Premissas!$B$10,"1,20 – 1,39",IF(N2953<Premissas!$B$11,"1,40 – 1,59",IF(N2953<Premissas!$B$12,"1,60 – 1,99","≥ 2,00")))))) | P2953: =IF(OR(M2953="NÃO",N2953<Premissas!$B$8),Premissas!$B$13,IF(N2953<Premissas!$B$9,Premissas!$B$14,IF(N2953<Premissas!$B$10,Premissas!$B$15,IF(N2953<Premissas!$B$11,Premissas!$B$16,IF(N2953<Premissas!$B$12,Premissas!$B$17,Premissas!$B$18))))) | Q2953: =IFERROR(P2953/Premissas!$B$4,0)
A2954: 8 | B2954: 1965 | C2954: CARREGAMENTO | D2954: 322452 | E2954: Givaldo Moreira Silva | F2954: 63 | G2954: 4.38 | H2954: 14 | I2954: 0 | J2954: GPA | K2954: =IF(I2954<>"",I2954,IFERROR(INDEX(Base!$I:$I,MATCH(1,(Base!$C:$C=C2954)*(Base!$I:$I<>""),0)),0)) | L2954: =IF(AND(I2954="",K2954>0),"SIM","NÃO") | M2954: =IF(ISNUMBER(SEARCH("SEPARA",UPPER(C2954))),"NÃO","SIM") | N2954: =IFERROR(H2954/K2954,0) | O2954: =IF(M2954="NÃO","EXCLUÍDO",IF(N2954<Premissas!$B$8,"< 1,00",IF(N2954<Premissas!$B$9,"1,00 – 1,19",IF(N2954<Premissas!$B$10,"1,20 – 1,39",IF(N2954<Premissas!$B$11,"1,40 – 1,59",IF(N2954<Premissas!$B$12,"1,60 – 1,99","≥ 2,00")))))) | P2954: =IF(OR(M2954="NÃO",N2954<Premissas!$B$8),Premissas!$B$13,IF(N2954<Premissas!$B$9,Premissas!$B$14,IF(N2954<Premissas!$B$10,Premissas!$B$15,IF(N2954<Premissas!$B$11,Premissas!$B$16,IF(N2954<Premissas!$B$12,Premissas!$B$17,Premissas!$B$18))))) | Q2954: =IFERROR(P2954/Premissas!$B$4,0)
A2955: 8 | B2955: 1965 | C2955: ATIVIDADE OP. EMP. | D2955: 324132 | E2955: ARIEL SOUZA OLIVEIRA | F2955: 1430 | G2955: 160.38 | H2955: 9 | I2955: 0 | J2955: GPA | K2955: =IF(I2955<>"",I2955,IFERROR(INDEX(Base!$I:$I,MATCH(1,(Base!$C:$C=C2955)*(Base!$I:$I<>""),0)),0)) | L2955: =IF(AND(I2955="",K2955>0),"SIM","NÃO") | M2955: =IF(ISNUMBER(SEARCH("SEPARA",UPPER(C2955))),"NÃO","SIM") | N2955: =IFERROR(H2955/K2955,0) | O2955: =IF(M2955="NÃO","EXCLUÍDO",IF(N2955<Premissas!$B$8,"< 1,00",IF(N2955<Premissas!$B$9,"1,00 – 1,19",IF(N2955<Premissas!$B$10,"1,20 – 1,39",IF(N2955<Premissas!$B$11,"1,40 – 1,59",IF(N2955<Premissas!$B$12,"1,60 – 1,99","≥ 2,00")))))) | P2955: =IF(OR(M2955="NÃO",N2955<Premissas!$B$8),Premissas!$B$13,IF(N2955<Premissas!$B$9,Premissas!$B$14,IF(N2955<Premissas!$B$10,Premissas!$B$15,IF(N2955<Premissas!$B$11,Premissas!$B$16,IF(N2955<Premissas!$B$12,Premissas!$B$17,Premissas!$B$18))))) | Q2955: =IFERROR(P2955/Premissas!$B$4,0)
A2956: 8 | B2956: 1965 | C2956: RECEBIMENTO | D2956: 3353583 | E2956: GILBERTO NOVAES DOS SANTOS | F2956: 1095 | G2956: 113.3 | H2956: 10 | I2956: 0 | J2956: GPA | K2956: =IF(I2956<>"",I2956,IFERROR(INDEX(Base!$I:$I,MATCH(1,(Base!$C:$C=C2956)*(Base!$I:$I<>""),0)),0)) | L2956: =IF(AND(I2956="",K2956>0),"SIM","NÃO") | M2956: =IF(ISNUMBER(SEARCH("SEPARA",UPPER(C2956))),"NÃO","SIM") | N2956: =IFERROR(H2956/K2956,0) | O2956: =IF(M2956="NÃO","EXCLUÍDO",IF(N2956<Premissas!$B$8,"< 1,00",IF(N2956<Premissas!$B$9,"1,00 – 1,19",IF(N2956<Premissas!$B$10,"1,20 – 1,39",IF(N2956<Premissas!$B$11,"1,40 – 1,59",IF(N2956<Premissas!$B$12,"1,60 – 1,99","≥ 2,00")))))) | P2956: =IF(OR(M2956="NÃO",N2956<Premissas!$B$8),Premissas!$B$13,IF(N2956<Premissas!$B$9,Premissas!$B$14,IF(N2956<Premissas!$B$10,Premissas!$B$15,IF(N2956<Premissas!$B$11,Premissas!$B$16,IF(N2956<Premissas!$B$12,Premissas!$B$17,Premissas!$B$18))))) | Q2956: =IFERROR(P2956/Premissas!$B$4,0)
A2957: 8 | B2957: 1965 | C2957: SEPARACAO | D2957: 3353583 | E2957: GILBERTO NOVAES DOS SANTOS | F2957: 61 | G2957: 0.84 | H2957: 73 | J2957: GPA | K2957: =IF(I2957<>"",I2957,IFERROR(INDEX(Base!$I:$I,MATCH(1,(Base!$C:$C=C2957)*(Base!$I:$I<>""),0)),0)) | L2957: =IF(AND(I2957="",K2957>0),"SIM","NÃO") | M2957: =IF(ISNUMBER(SEARCH("SEPARA",UPPER(C2957))),"NÃO","SIM") | N2957: =IFERROR(H2957/K2957,0) | O2957: =IF(M2957="NÃO","EXCLUÍDO",IF(N2957<Premissas!$B$8,"< 1,00",IF(N2957<Premissas!$B$9,"1,00 – 1,19",IF(N2957<Premissas!$B$10,"1,20 – 1,39",IF(N2957<Premissas!$B$11,"1,40 – 1,59",IF(N2957<Premissas!$B$12,"1,60 – 1,99","≥ 2,00")))))) | P2957: =IF(OR(M2957="NÃO",N2957<Premissas!$B$8),Premissas!$B$13,IF(N2957<Premissas!$B$9,Premissas!$B$14,IF(N2957<Premissas!$B$10,Premissas!$B$15,IF(N2957<Premissas!$B$11,Premissas!$B$16,IF(N2957<Premissas!$B$12,Premissas!$B$17,Premissas!$B$18))))) | Q2957: =IFERROR(P2957/Premissas!$B$4,0)
A2958: 8 | B2958: 1965 | C2958: CARREGAMENTO | D2958: 335416 | E2958: Dourivaldo Dias De Oliveira | F2958: 103 | G2958: 32.15 | H2958: 3 | I2958: 0 | J2958: GPA | K2958: =IF(I2958<>"",I2958,IFERROR(INDEX(Base!$I:$I,MATCH(1,(Base!$C:$C=C2958)*(Base!$I:$I<>""),0)),0)) | L2958: =IF(AND(I2958="",K2958>0),"SIM","NÃO") | M2958: =IF(ISNUMBER(SEARCH("SEPARA",UPPER(C2958))),"NÃO","SIM") | N2958: =IFERROR(H2958/K2958,0) | O2958: =IF(M2958="NÃO","EXCLUÍDO",IF(N2958<Premissas!$B$8,"< 1,00",IF(N2958<Premissas!$B$9,"1,00 – 1,19",IF(N2958<Premissas!$B$10,"1,20 – 1,39",IF(N2958<Premissas!$B$11,"1,40 – 1,59",IF(N2958<Premissas!$B$12,"1,60 – 1,99","≥ 2,00")))))) | P2958: =IF(OR(M2958="NÃO",N2958<Premissas!$B$8),Premissas!$B$13,IF(N2958<Premissas!$B$9,Premissas!$B$14,IF(N2958<Premissas!$B$10,Premissas!$B$15,IF(N2958<Premissas!$B$11,Premissas!$B$16,IF(N2958<Premissas!$B$12,Premissas!$B$17,Premissas!$B$18))))) | Q2958: =IFERROR(P2958/Premissas!$B$4,0)
A2959: 8 | B2959: 1965 | C2959: ATIVIDADE OP. EMP. | D2959: 33664 | E2959: Genivar Da Silva Muniz | F2959: 2656 | G2959: 180.94 | H2959: 15 | I2959: 0 | J2959: GPA | K2959: =IF(I2959<>"",I2959,IFERROR(INDEX(Base!$I:$I,MATCH(1,(Base!$C:$C=C2959)*(Base!$I:$I<>""),0)),0)) | L2959: =IF(AND(I2959="",K2959>0),"SIM","NÃO") | M2959: =IF(ISNUMBER(SEARCH("SEPARA",UPPER(C2959))),"NÃO","SIM") | N2959: =IFERROR(H2959/K2959,0) | O2959: =IF(M2959="NÃO","EXCLUÍDO",IF(N2959<Premissas!$B$8,"< 1,00",IF(N2959<Premissas!$B$9,"1,00 – 1,19",IF(N2959<Premissas!$B$10,"1,20 – 1,39",IF(N2959<Premissas!$B$11,"1,40 – 1,59",IF(N2959<Premissas!$B$12,"1,60 – 1,99","≥ 2,00")))))) | P2959: =IF(OR(M2959="NÃO",N2959<Premissas!$B$8),Premissas!$B$13,IF(N2959<Premissas!$B$9,Premissas!$B$14,IF(N2959<Premissas!$B$10,Premissas!$B$15,IF(N2959<Premissas!$B$11,Premissas!$B$16,IF(N2959<Premissas!$B$12,Premissas!$B$17,Premissas!$B$18))))) | Q2959: =IFERROR(P2959/Premissas!$B$4,0)
A2960: 8 | B2960: 1965 | C2960: ATIVIDADE OP. EMP. | D2960: 339769 | E2960: CRISTIANO ANDRADE QUIRINO | F2960: 1536 | G2960: 168.16 | H2960: 9 | I2960: 0 | J2960: GPA | K2960: =IF(I2960<>"",I2960,IFERROR(INDEX(Base!$I:$I,MATCH(1,(Base!$C:$C=C2960)*(Base!$I:$I<>""),0)),0)) | L2960: =IF(AND(I2960="",K2960>0),"SIM","NÃO") | M2960: =IF(ISNUMBER(SEARCH("SEPARA",UPPER(C2960))),"NÃO","SIM") | N2960: =IFERROR(H2960/K2960,0) | O2960: =IF(M2960="NÃO","EXCLUÍDO",IF(N2960<Premissas!$B$8,"< 1,00",IF(N2960<Premissas!$B$9,"1,00 – 1,19",IF(N2960<Premissas!$B$10,"1,20 – 1,39",IF(N2960<Premissas!$B$11,"1,40 – 1,59",IF(N2960<Premissas!$B$12,"1,60 – 1,99","≥ 2,00")))))) | P2960: =IF(OR(M2960="NÃO",N2960<Premissas!$B$8),Premissas!$B$13,IF(N2960<Premissas!$B$9,Premissas!$B$14,IF(N2960<Premissas!$B$10,Premissas!$B$15,IF(N2960<Premissas!$B$11,Premissas!$B$16,IF(N2960<Premissas!$B$12,Premissas!$B$17,Premissas!$B$18))))) | Q2960: =IFERROR(P2960/Premissas!$B$4,0)
A2961: 8 | B2961: 1965 | C2961: ATIVIDADE OP. EMP. | D2961: 344003 | E2961: ELIOMAR BARBOSA DA SILVA | F2961: 2869 | G2961: 163.9 | H2961: 18 | I2961: 0 | J2961: GPA | K2961: =IF(I2961<>"",I2961,IFERROR(INDEX(Base!$I:$I,MATCH(1,(Base!$C:$C=C2961)*(Base!$I:$I<>""),0)),0)) | L2961: =IF(AND(I2961="",K2961>0),"SIM","NÃO") | M2961: =IF(ISNUMBER(SEARCH("SEPARA",UPPER(C2961))),"NÃO","SIM") | N2961: =IFERROR(H2961/K2961,0) | O2961: =IF(M2961="NÃO","EXCLUÍDO",IF(N2961<Premissas!$B$8,"< 1,00",IF(N2961<Premissas!$B$9,"1,00 – 1,19",IF(N2961<Premissas!$B$10,"1,20 – 1,39",IF(N2961<Premissas!$B$11,"1,40 – 1,59",IF(N2961<Premissas!$B$12,"1,60 – 1,99","≥ 2,00")))))) | P2961: =IF(OR(M2961="NÃO",N2961<Premissas!$B$8),Premissas!$B$13,IF(N2961<Premissas!$B$9,Premissas!$B$14,IF(N2961<Premissas!$B$10,Premissas!$B$15,IF(N2961<Premissas!$B$11,Premissas!$B$16,IF(N2961<Premissas!$B$12,Premissas!$B$17,Premissas!$B$18))))) | Q2961: =IFERROR(P2961/Premissas!$B$4,0)
A2962: 8 | B2962: 1965 | C2962: RECEBIMENTO | D2962: 346537 | E2962: MARISA APARECIDA DE MEIRA BARRETO | F2962: 1097 | G2962: 160.08 | H2962: 7 | I2962: 0 | J2962: GPA | K2962: =IF(I2962<>"",I2962,IFERROR(INDEX(Base!$I:$I,MATCH(1,(Base!$C:$C=C2962)*(Base!$I:$I<>""),0)),0)) | L2962: =IF(AND(I2962="",K2962>0),"SIM","NÃO") | M2962: =IF(ISNUMBER(SEARCH("SEPARA",UPPER(C2962))),"NÃO","SIM") | N2962: =IFERROR(H2962/K2962,0) | O2962: =IF(M2962="NÃO","EXCLUÍDO",IF(N2962<Premissas!$B$8,"< 1,00",IF(N2962<Premissas!$B$9,"1,00 – 1,19",IF(N2962<Premissas!$B$10,"1,20 – 1,39",IF(N2962<Premissas!$B$11,"1,40 – 1,59",IF(N2962<Premissas!$B$12,"1,60 – 1,99","≥ 2,00")))))) | P2962: =IF(OR(M2962="NÃO",N2962<Premissas!$B$8),Premissas!$B$13,IF(N2962<Premissas!$B$9,Premissas!$B$14,IF(N2962<Premissas!$B$10,Premissas!$B$15,IF(N2962<Premissas!$B$11,Premissas!$B$16,IF(N2962<Premissas!$B$12,Premissas!$B$17,Premissas!$B$18))))) | Q2962: =IFERROR(P2962/Premissas!$B$4,0)
A2963: 8 | B2963: 1965 | C2963: PUXADA RECEB | D2963: 346641 | E2963: Edson Jose Do Nascimento | F2963: 266 | G2963: 11.77 | H2963: 23 | I2963: 0 | J2963: GPA | K2963: =IF(I2963<>"",I2963,IFERROR(INDEX(Base!$I:$I,MATCH(1,(Base!$C:$C=C2963)*(Base!$I:$I<>""),0)),0)) | L2963: =IF(AND(I2963="",K2963>0),"SIM","NÃO") | M2963: =IF(ISNUMBER(SEARCH("SEPARA",UPPER(C2963))),"NÃO","SIM") | N2963: =IFERROR(H2963/K2963,0) | O2963: =IF(M2963="NÃO","EXCLUÍDO",IF(N2963<Premissas!$B$8,"< 1,00",IF(N2963<Premissas!$B$9,"1,00 – 1,19",IF(N2963<Premissas!$B$10,"1,20 – 1,39",IF(N2963<Premissas!$B$11,"1,40 – 1,59",IF(N2963<Premissas!$B$12,"1,60 – 1,99","≥ 2,00")))))) | P2963: =IF(OR(M2963="NÃO",N2963<Premissas!$B$8),Premissas!$B$13,IF(N2963<Premissas!$B$9,Premissas!$B$14,IF(N2963<Premissas!$B$10,Premissas!$B$15,IF(N2963<Premissas!$B$11,Premissas!$B$16,IF(N2963<Premissas!$B$12,Premissas!$B$17,Premissas!$B$18))))) | Q2963: =IFERROR(P2963/Premissas!$B$4,0)
A2964: 8 | B2964: 1965 | C2964: RECEBIMENTO | D2964: 346641 | E2964: Edson Jose Do Nascimento | F2964: 4347 | G2964: 132.01 | H2964: 33 | I2964: 0 | J2964: GPA | K2964: =IF(I2964<>"",I2964,IFERROR(INDEX(Base!$I:$I,MATCH(1,(Base!$C:$C=C2964)*(Base!$I:$I<>""),0)),0)) | L2964: =IF(AND(I2964="",K2964>0),"SIM","NÃO") | M2964: =IF(ISNUMBER(SEARCH("SEPARA",UPPER(C2964))),"NÃO","SIM") | N2964: =IFERROR(H2964/K2964,0) | O2964: =IF(M2964="NÃO","EXCLUÍDO",IF(N2964<Premissas!$B$8,"< 1,00",IF(N2964<Premissas!$B$9,"1,00 – 1,19",IF(N2964<Premissas!$B$10,"1,20 – 1,39",IF(N2964<Premissas!$B$11,"1,40 – 1,59",IF(N2964<Premissas!$B$12,"1,60 – 1,99","≥ 2,00")))))) | P2964: =IF(OR(M2964="NÃO",N2964<Premissas!$B$8),Premissas!$B$13,IF(N2964<Premissas!$B$9,Premissas!$B$14,IF(N2964<Premissas!$B$10,Premissas!$B$15,IF(N2964<Premissas!$B$11,Premissas!$B$16,IF(N2964<Premissas!$B$12,Premissas!$B$17,Premissas!$B$18))))) | Q2964: =IFERROR(P2964/Premissas!$B$4,0)
A2965: 8 | B2965: 1965 | C2965: ATIVIDADE OP. EMP. | D2965: 352220 | E2965: MONICA FERNANDES ARAUJO CARNEIRO DE BARROS | F2965: 1364 | G2965: 161.78 | H2965: 8 | I2965: 0 | J2965: GPA | K2965: =IF(I2965<>"",I2965,IFERROR(INDEX(Base!$I:$I,MATCH(1,(Base!$C:$C=C2965)*(Base!$I:$I<>""),0)),0)) | L2965: =IF(AND(I2965="",K2965>0),"SIM","NÃO") | M2965: =IF(ISNUMBER(SEARCH("SEPARA",UPPER(C2965))),"NÃO","SIM") | N2965: =IFERROR(H2965/K2965,0) | O2965: =IF(M2965="NÃO","EXCLUÍDO",IF(N2965<Premissas!$B$8,"< 1,00",IF(N2965<Premissas!$B$9,"1,00 – 1,19",IF(N2965<Premissas!$B$10,"1,20 – 1,39",IF(N2965<Premissas!$B$11,"1,40 – 1,59",IF(N2965<Premissas!$B$12,"1,60 – 1,99","≥ 2,00")))))) | P2965: =IF(OR(M2965="NÃO",N2965<Premissas!$B$8),Premissas!$B$13,IF(N2965<Premissas!$B$9,Premissas!$B$14,IF(N2965<Premissas!$B$10,Premissas!$B$15,IF(N2965<Premissas!$B$11,Premissas!$B$16,IF(N2965<Premissas!$B$12,Premissas!$B$17,Premissas!$B$18))))) | Q2965: =IFERROR(P2965/Premissas!$B$4,0)
A2966: 8 | B2966: 1965 | C2966: ATIVIDADE OP. EMP. | D2966: 352458 | E2966: Jose Antonio Mendes | F2966: 1487 | G2966: 118.83 | H2966: 13 | I2966: 0 | J2966: GPA | K2966: =IF(I2966<>"",I2966,IFERROR(INDEX(Base!$I:$I,MATCH(1,(Base!$C:$C=C2966)*(Base!$I:$I<>""),0)),0)) | L2966: =IF(AND(I2966="",K2966>0),"SIM","NÃO") | M2966: =IF(ISNUMBER(SEARCH("SEPARA",UPPER(C2966))),"NÃO","SIM") | N2966: =IFERROR(H2966/K2966,0) | O2966: =IF(M2966="NÃO","EXCLUÍDO",IF(N2966<Premissas!$B$8,"< 1,00",IF(N2966<Premissas!$B$9,"1,00 – 1,19",IF(N2966<Premissas!$B$10,"1,20 – 1,39",IF(N2966<Premissas!$B$11,"1,40 – 1,59",IF(N2966<Premissas!$B$12,"1,60 – 1,99","≥ 2,00")))))) | P2966: =IF(OR(M2966="NÃO",N2966<Premissas!$B$8),Premissas!$B$13,IF(N2966<Premissas!$B$9,Premissas!$B$14,IF(N2966<Premissas!$B$10,Premissas!$B$15,IF(N2966<Premissas!$B$11,Premissas!$B$16,IF(N2966<Premissas!$B$12,Premissas!$B$17,Premissas!$B$18))))) | Q2966: =IFERROR(P2966/Premissas!$B$4,0)
A2967: 8 | B2967: 1965 | C2967: ATIVIDADE OP. EMP. | D2967: 3534685 | E2967: CEZAR AMORIM SOUSA | F2967: 2073 | G2967: 127.53 | H2967: 16 | I2967: 0 | J2967: GPA | K2967: =IF(I2967<>"",I2967,IFERROR(INDEX(Base!$I:$I,MATCH(1,(Base!$C:$C=C2967)*(Base!$I:$I<>""),0)),0)) | L2967: =IF(AND(I2967="",K2967>0),"SIM","NÃO") | M2967: =IF(ISNUMBER(SEARCH("SEPARA",UPPER(C2967))),"NÃO","SIM") | N2967: =IFERROR(H2967/K2967,0) | O2967: =IF(M2967="NÃO","EXCLUÍDO",IF(N2967<Premissas!$B$8,"< 1,00",IF(N2967<Premissas!$B$9,"1,00 – 1,19",IF(N2967<Premissas!$B$10,"1,20 – 1,39",IF(N2967<Premissas!$B$11,"1,40 – 1,59",IF(N2967<Premissas!$B$12,"1,60 – 1,99","≥ 2,00")))))) | P2967: =IF(OR(M2967="NÃO",N2967<Premissas!$B$8),Premissas!$B$13,IF(N2967<Premissas!$B$9,Premissas!$B$14,IF(N2967<Premissas!$B$10,Premissas!$B$15,IF(N2967<Premissas!$B$11,Premissas!$B$16,IF(N2967<Premissas!$B$12,Premissas!$B$17,Premissas!$B$18))))) | Q2967: =IFERROR(P2967/Premissas!$B$4,0)
A2968: 8 | B2968: 1965 | C2968: PUXADA RECEB | D2968: 3536254 | E2968: Lucas Cruz Caldas | F2968: 270 | G2968: 50.53 | H2968: 5 | I2968: 0 | J2968: GPA | K2968: =IF(I2968<>"",I2968,IFERROR(INDEX(Base!$I:$I,MATCH(1,(Base!$C:$C=C2968)*(Base!$I:$I<>""),0)),0)) | L2968: =IF(AND(I2968="",K2968>0),"SIM","NÃO") | M2968: =IF(ISNUMBER(SEARCH("SEPARA",UPPER(C2968))),"NÃO","SIM") | N2968: =IFERROR(H2968/K2968,0) | O2968: =IF(M2968="NÃO","EXCLUÍDO",IF(N2968<Premissas!$B$8,"< 1,00",IF(N2968<Premissas!$B$9,"1,00 – 1,19",IF(N2968<Premissas!$B$10,"1,20 – 1,39",IF(N2968<Premissas!$B$11,"1,40 – 1,59",IF(N2968<Premissas!$B$12,"1,60 – 1,99","≥ 2,00")))))) | P2968: =IF(OR(M2968="NÃO",N2968<Premissas!$B$8),Premissas!$B$13,IF(N2968<Premissas!$B$9,Premissas!$B$14,IF(N2968<Premissas!$B$10,Premissas!$B$15,IF(N2968<Premissas!$B$11,Premissas!$B$16,IF(N2968<Premissas!$B$12,Premissas!$B$17,Premissas!$B$18))))) | Q2968: =IFERROR(P2968/Premissas!$B$4,0)
A2969: 8 | B2969: 1965 | C2969: RECEBIMENTO | D2969: 3536254 | E2969: Lucas Cruz Caldas | F2969: 42 | G2969: 0.65 | H2969: 65 | I2969: 0 | J2969: GPA | K2969: =IF(I2969<>"",I2969,IFERROR(INDEX(Base!$I:$I,MATCH(1,(Base!$C:$C=C2969)*(Base!$I:$I<>""),0)),0)) | L2969: =IF(AND(I2969="",K2969>0),"SIM","NÃO") | M2969: =IF(ISNUMBER(SEARCH("SEPARA",UPPER(C2969))),"NÃO","SIM") | N2969: =IFERROR(H2969/K2969,0) | O2969: =IF(M2969="NÃO","EXCLUÍDO",IF(N2969<Premissas!$B$8,"< 1,00",IF(N2969<Premissas!$B$9,"1,00 – 1,19",IF(N2969<Premissas!$B$10,"1,20 – 1,39",IF(N2969<Premissas!$B$11,"1,40 – 1,59",IF(N2969<Premissas!$B$12,"1,60 – 1,99","≥ 2,00")))))) | P2969: =IF(OR(M2969="NÃO",N2969<Premissas!$B$8),Premissas!$B$13,IF(N2969<Premissas!$B$9,Premissas!$B$14,IF(N2969<Premissas!$B$10,Premissas!$B$15,IF(N2969<Premissas!$B$11,Premissas!$B$16,IF(N2969<Premissas!$B$12,Premissas!$B$17,Premissas!$B$18))))) | Q2969: =IFERROR(P2969/Premissas!$B$4,0)
... A3002: 8 | B3002: 1965 | C3002: PUXADA RECEB | D3002: 4257901 | E3002: Jefferson Luiz Araujo Da Silva | F3002: 2405 | G3002: 121.91 | H3002: 20 | I3002: 0 | J3002: GPA | K3002: =IF(I3002<>"",I3002,IFERROR(INDEX(Base!$I:$I,MATCH(1,(Base!$C:$C=C3002)*(Base!$I:$I<>""),0)),0)) | L3002: =IF(AND(I3002="",K3002>0),"SIM","NÃO") | M3002: =IF(ISNUMBER(SEARCH("SEPARA",UPPER(C3002))),"NÃO","SIM") | N3002: =IFERROR(H3002/K3002,0) | O3002: =IF(M3002="NÃO","EXCLUÍDO",IF(N3002<Premissas!$B$8,"< 1,00",IF(N3002<Premissas!$B$9,"1,00 – 1,19",IF(N3002<Premissas!$B$10,"1,20 – 1,39",IF(N3002<Premissas!$B$11,"1,40 – 1,59",IF(N3002<Premissas!$B$12,"1,60 – 1,99","≥ 2,00")))))) | P3002: =IF(OR(M3002="NÃO",N3002<Premissas!$B$8),Premissas!$B$13,IF(N3002<Premissas!$B$9,Premissas!$B$14,IF(N3002<Premissas!$B$10,Premissas!$B$15,IF(N3002<Premissas!$B$11,Premissas!$B$16,IF(N3002<Premissas!$B$12,Premissas!$B$17,Premissas!$B$18))))) | Q3002: =IFERROR(P3002/Premissas!$B$4,0)
A3003: 8 | B3003: 1965 | C3003: SEPARACAO | D3003: 4257901 | E3003: Jefferson Luiz Araujo Da Silva | F3003: 192 | G3003: 5.35 | H3003: 36 | J3003: GPA | K3003: =IF(I3003<>"",I3003,IFERROR(INDEX(Base!$I:$I,MATCH(1,(Base!$C:$C=C3003)*(Base!$I:$I<>""),0)),0)) | L3003: =IF(AND(I3003="",K3003>0),"SIM","NÃO") | M3003: =IF(ISNUMBER(SEARCH("SEPARA",UPPER(C3003))),"NÃO","SIM") | N3003: =IFERROR(H3003/K3003,0) | O3003: =IF(M3003="NÃO","EXCLUÍDO",IF(N3003<Premissas!$B$8,"< 1,00",IF(N3003<Premissas!$B$9,"1,00 – 1,19",IF(N3003<Premissas!$B$10,"1,20 – 1,39",IF(N3003<Premissas!$B$11,"1,40 – 1,59",IF(N3003<Premissas!$B$12,"1,60 – 1,99","≥ 2,00")))))) | P3003: =IF(OR(M3003="NÃO",N3003<Premissas!$B$8),Premissas!$B$13,IF(N3003<Premissas!$B$9,Premissas!$B$14,IF(N3003<Premissas!$B$10,Premissas!$B$15,IF(N3003<Premissas!$B$11,Premissas!$B$16,IF(N3003<Premissas!$B$12,Premissas!$B$17,Premissas!$B$18))))) | Q3003: =IFERROR(P3003/Premissas!$B$4,0)
A3004: 8 | B3004: 1965 | C3004: CARREGAMENTO | D3004: 4261062 | E3004: ANTONIO BRUNO DOS SANTOS VIEIRA | F3004: 69 | G3004: 12.84 | H3004: 5 | I3004: 0 | J3004: GPA | K3004: =IF(I3004<>"",I3004,IFERROR(INDEX(Base!$I:$I,MATCH(1,(Base!$C:$C=C3004)*(Base!$I:$I<>""),0)),0)) | L3004: =IF(AND(I3004="",K3004>0),"SIM","NÃO") | M3004: =IF(ISNUMBER(SEARCH("SEPARA",UPPER(C3004))),"NÃO","SIM") | N3004: =IFERROR(H3004/K3004,0) | O3004: =IF(M3004="NÃO","EXCLUÍDO",IF(N3004<Premissas!$B$8,"< 1,00",IF(N3004<Premissas!$B$9,"1,00 – 1,19",IF(N3004<Premissas!$B$10,"1,20 – 1,39",IF(N3004<Premissas!$B$11,"1,40 – 1,59",IF(N3004<Premissas!$B$12,"1,60 – 1,99","≥ 2,00")))))) | P3004: =IF(OR(M3004="NÃO",N3004<Premissas!$B$8),Premissas!$B$13,IF(N3004<Premissas!$B$9,Premissas!$B$14,IF(N3004<Premissas!$B$10,Premissas!$B$15,IF(N3004<Premissas!$B$11,Premissas!$B$16,IF(N3004<Premissas!$B$12,Premissas!$B$17,Premissas!$B$18))))) | Q3004: =IFERROR(P3004/Premissas!$B$4,0)
A3005: 8 | B3005: 1965 | C3005: ATIVIDADE OP. EMP. | D3005: 427308 | E3005: Jilson Stankievicz | F3005: 1775 | G3005: 153.31 | H3005: 12 | I3005: 0 | J3005: GPA | K3005: =IF(I3005<>"",I3005,IFERROR(INDEX(Base!$I:$I,MATCH(1,(Base!$C:$C=C3005)*(Base!$I:$I<>""),0)),0)) | L3005: =IF(AND(I3005="",K3005>0),"SIM","NÃO") | M3005: =IF(ISNUMBER(SEARCH("SEPARA",UPPER(C3005))),"NÃO","SIM") | N3005: =IFERROR(H3005/K3005,0) | O3005: =IF(M3005="NÃO","EXCLUÍDO",IF(N3005<Premissas!$B$8,"< 1,00",IF(N3005<Premissas!$B$9,"1,00 – 1,19",IF(N3005<Premissas!$B$10,"1,20 – 1,39",IF(N3005<Premissas!$B$11,"1,40 – 1,59",IF(N3005<Premissas!$B$12,"1,60 – 1,99","≥ 2,00")))))) | P3005: =IF(OR(M3005="NÃO",N3005<Premissas!$B$8),Premissas!$B$13,IF(N3005<Premissas!$B$9,Premissas!$B$14,IF(N3005<Premissas!$B$10,Premissas!$B$15,IF(N3005<Premissas!$B$11,Premissas!$B$16,IF(N3005<Premissas!$B$12,Premissas!$B$17,Premissas!$B$18))))) | Q3005: =IFERROR(P3005/Premissas!$B$4,0)
A3006: 8 | B3006: 1965 | C3006: ATIVIDADE OP. EMP. | D3006: 442548 | E3006: FRANCILENE RODRIGUES DE SOUSA | F3006: 1772 | G3006: 197.07 | H3006: 9 | I3006: 0 | J3006: GPA | K3006: =IF(I3006<>"",I3006,IFERROR(INDEX(Base!$I:$I,MATCH(1,(Base!$C:$C=C3006)*(Base!$I:$I<>""),0)),0)) | L3006: =IF(AND(I3006="",K3006>0),"SIM","NÃO") | M3006: =IF(ISNUMBER(SEARCH("SEPARA",UPPER(C3006))),"NÃO","SIM") | N3006: =IFERROR(H3006/K3006,0) | O3006: =IF(M3006="NÃO","EXCLUÍDO",IF(N3006<Premissas!$B$8,"< 1,00",IF(N3006<Premissas!$B$9,"1,00 – 1,19",IF(N3006<Premissas!$B$10,"1,20 – 1,39",IF(N3006<Premissas!$B$11,"1,40 – 1,59",IF(N3006<Premissas!$B$12,"1,60 – 1,99","≥ 2,00")))))) | P3006: =IF(OR(M3006="NÃO",N3006<Premissas!$B$8),Premissas!$B$13,IF(N3006<Premissas!$B$9,Premissas!$B$14,IF(N3006<Premissas!$B$10,Premissas!$B$15,IF(N3006<Premissas!$B$11,Premissas!$B$16,IF(N3006<Premissas!$B$12,Premissas!$B$17,Premissas!$B$18))))) | Q3006: =IFERROR(P3006/Premissas!$B$4,0)
A3007: 8 | B3007: 1965 | C3007: ATIVIDADE OP. EMP. | D3007: 4456297 | E3007: Claudinei Luna Diniz | F3007: 1306 | G3007: 104.83 | H3007: 12 | I3007: 0 | J3007: GPA | K3007: =IF(I3007<>"",I3007,IFERROR(INDEX(Base!$I:$I,MATCH(1,(Base!$C:$C=C3007)*(Base!$I:$I<>""),0)),0)) | L3007: =IF(AND(I3007="",K3007>0),"SIM","NÃO") | M3007: =IF(ISNUMBER(SEARCH("SEPARA",UPPER(C3007))),"NÃO","SIM") | N3007: =IFERROR(H3007/K3007,0) | O3007: =IF(M3007="NÃO","EXCLUÍDO",IF(N3007<Premissas!$B$8,"< 1,00",IF(N3007<Premissas!$B$9,"1,00 – 1,19",IF(N3007<Premissas!$B$10,"1,20 – 1,39",IF(N3007<Premissas!$B$11,"1,40 – 1,59",IF(N3007<Premissas!$B$12,"1,60 – 1,99","≥ 2,00")))))) | P3007: =IF(OR(M3007="NÃO",N3007<Premissas!$B$8),Premissas!$B$13,IF(N3007<Premissas!$B$9,Premissas!$B$14,IF(N3007<Premissas!$B$10,Premissas!$B$15,IF(N3007<Premissas!$B$11,Premissas!$B$16,IF(N3007<Premissas!$B$12,Premissas!$B$17,Premissas!$B$18))))) | Q3007: =IFERROR(P3007/Premissas!$B$4,0)
A3008: 8 | B3008: 1965 | C3008: PUXADA RECEB | D3008: 4463714 | E3008: GILBERTO GIL SOARES CLEMENTE | F3008: 2 | G3008: 0.6 | H3008: 3 | I3008: 0 | J3008: GPA | K3008: =IF(I3008<>"",I3008,IFERROR(INDEX(Base!$I:$I,MATCH(1,(Base!$C:$C=C3008)*(Base!$I:$I<>""),0)),0)) | L3008: =IF(AND(I3008="",K3008>0),"SIM","NÃO") | M3008: =IF(ISNUMBER(SEARCH("SEPARA",UPPER(C3008))),"NÃO","SIM") | N3008: =IFERROR(H3008/K3008,0) | O3008: =IF(M3008="NÃO","EXCLUÍDO",IF(N3008<Premissas!$B$8,"< 1,00",IF(N3008<Premissas!$B$9,"1,00 – 1,19",IF(N3008<Premissas!$B$10,"1,20 – 1,39",IF(N3008<Premissas!$B$11,"1,40 – 1,59",IF(N3008<Premissas!$B$12,"1,60 – 1,99","≥ 2,00")))))) | P3008: =IF(OR(M3008="NÃO",N3008<Premissas!$B$8),Premissas!$B$13,IF(N3008<Premissas!$B$9,Premissas!$B$14,IF(N3008<Premissas!$B$10,Premissas!$B$15,IF(N3008<Premissas!$B$11,Premissas!$B$16,IF(N3008<Premissas!$B$12,Premissas!$B$17,Premissas!$B$18))))) | Q3008: =IFERROR(P3008/Premissas!$B$4,0)
A3009: 8 | B3009: 1965 | C3009: RECEBIMENTO | D3009: 4463714 | E3009: GILBERTO GIL SOARES CLEMENTE | F3009: 3600 | G3009: 159.26 | H3009: 23 | I3009: 0 | J3009: GPA | K3009: =IF(I3009<>"",I3009,IFERROR(INDEX(Base!$I:$I,MATCH(1,(Base!$C:$C=C3009)*(Base!$I:$I<>""),0)),0)) | L3009: =IF(AND(I3009="",K3009>0),"SIM","NÃO") | M3009: =IF(ISNUMBER(SEARCH("SEPARA",UPPER(C3009))),"NÃO","SIM") | N3009: =IFERROR(H3009/K3009,0) | O3009: =IF(M3009="NÃO","EXCLUÍDO",IF(N3009<Premissas!$B$8,"< 1,00",IF(N3009<Premissas!$B$9,"1,00 – 1,19",IF(N3009<Premissas!$B$10,"1,20 – 1,39",IF(N3009<Premissas!$B$11,"1,40 – 1,59",IF(N3009<Premissas!$B$12,"1,60 – 1,99","≥ 2,00")))))) | P3009: =IF(OR(M3009="NÃO",N3009<Premissas!$B$8),Premissas!$B$13,IF(N3009<Premissas!$B$9,Premissas!$B$14,IF(N3009<Premissas!$B$10,Premissas!$B$15,IF(N3009<Premissas!$B$11,Premissas!$B$16,IF(N3009<Premissas!$B$12,Premissas!$B$17,Premissas!$B$18))))) | Q3009: =IFERROR(P3009/Premissas!$B$4,0)
A3010: 8 | B3010: 1965 | C3010: PUXADA RECEB | D3010: 4467400 | E3010: Andrea Martins Da Silva | F3010: 2 | G3010: 9.36 | H3010: 0 | I3010: 0 | J3010: GPA | K3010: =IF(I3010<>"",I3010,IFERROR(INDEX(Base!$I:$I,MATCH(1,(Base!$C:$C=C3010)*(Base!$I:$I<>""),0)),0)) | L3010: =IF(AND(I3010="",K3010>0),"SIM","NÃO") | M3010: =IF(ISNUMBER(SEARCH("SEPARA",UPPER(C3010))),"NÃO","SIM") | N3010: =IFERROR(H3010/K3010,0) | O3010: =IF(M3010="NÃO","EXCLUÍDO",IF(N3010<Premissas!$B$8,"< 1,00",IF(N3010<Premissas!$B$9,"1,00 – 1,19",IF(N3010<Premissas!$B$10,"1,20 – 1,39",IF(N3010<Premissas!$B$11,"1,40 – 1,59",IF(N3010<Premissas!$B$12,"1,60 – 1,99","≥ 2,00")))))) | P3010: =IF(OR(M3010="NÃO",N3010<Premissas!$B$8),Premissas!$B$13,IF(N3010<Premissas!$B$9,Premissas!$B$14,IF(N3010<Premissas!$B$10,Premissas!$B$15,IF(N3010<Premissas!$B$11,Premissas!$B$16,IF(N3010<Premissas!$B$12,Premissas!$B$17,Premissas!$B$18))))) | Q3010: =IFERROR(P3010/Premissas!$B$4,0)
A3011: 8 | B3011: 1965 | C3011: ATIVIDADE OP. EMP. | D3011: 4478452 | E3011: FERNANDO ANTONIO DA SILVA | F3011: 71 | G3011: 14.95 | H3011: 5 | I3011: 0 | J3011: GPA | K3011: =IF(I3011<>"",I3011,IFERROR(INDEX(Base!$I:$I,MATCH(1,(Base!$C:$C=C3011)*(Base!$I:$I<>""),0)),0)) | L3011: =IF(AND(I3011="",K3011>0),"SIM","NÃO") | M3011: =IF(ISNUMBER(SEARCH("SEPARA",UPPER(C3011))),"NÃO","SIM") | N3011: =IFERROR(H3011/K3011,0) | O3011: =IF(M3011="NÃO","EXCLUÍDO",IF(N3011<Premissas!$B$8,"< 1,00",IF(N3011<Premissas!$B$9,"1,00 – 1,19",IF(N3011<Premissas!$B$10,"1,20 – 1,39",IF(N3011<Premissas!$B$11,"1,40 – 1,59",IF(N3011<Premissas!$B$12,"1,60 – 1,99","≥ 2,00")))))) | P3011: =IF(OR(M3011="NÃO",N3011<Premissas!$B$8),Premissas!$B$13,IF(N3011<Premissas!$B$9,Premissas!$B$14,IF(N3011<Premissas!$B$10,Premissas!$B$15,IF(N3011<Premissas!$B$11,Premissas!$B$16,IF(N3011<Premissas!$B$12,Premissas!$B$17,Premissas!$B$18))))) | Q3011: =IFERROR(P3011/Premissas!$B$4,0)
A3012: 8 | B3012: 1965 | C3012: PUXADA RECEB | D3012: 4478940 | E3012: Francisco Silva de Araujo | F3012: 170 | G3012: 28.43 | H3012: 6 | I3012: 0 | J3012: GPA | K3012: =IF(I3012<>"",I3012,IFERROR(INDEX(Base!$I:$I,MATCH(1,(Base!$C:$C=C3012)*(Base!$I:$I<>""),0)),0)) | L3012: =IF(AND(I3012="",K3012>0),"SIM","NÃO") | M3012: =IF(ISNUMBER(SEARCH("SEPARA",UPPER(C3012))),"NÃO","SIM") | N3012: =IFERROR(H3012/K3012,0) | O3012: =IF(M3012="NÃO","EXCLUÍDO",IF(N3012<Premissas!$B$8,"< 1,00",IF(N3012<Premissas!$B$9,"1,00 – 1,19",IF(N3012<Premissas!$B$10,"1,20 – 1,39",IF(N3012<Premissas!$B$11,"1,40 – 1,59",IF(N3012<Premissas!$B$12,"1,60 – 1,99","≥ 2,00")))))) | P3012: =IF(OR(M3012="NÃO",N3012<Premissas!$B$8),Premissas!$B$13,IF(N3012<Premissas!$B$9,Premissas!$B$14,IF(N3012<Premissas!$B$10,Premissas!$B$15,IF(N3012<Premissas!$B$11,Premissas!$B$16,IF(N3012<Premissas!$B$12,Premissas!$B$17,Premissas!$B$18))))) | Q3012: =IFERROR(P3012/Premissas!$B$4,0)
A3013: 8 | B3013: 1965 | C3013: RECEBIMENTO | D3013: 4478940 | E3013: Francisco Silva de Araujo | F3013: 4 | G3013: 3.72 | H3013: 1 | I3013: 0 | J3013: GPA | K3013: =IF(I3013<>"",I3013,IFERROR(INDEX(Base!$I:$I,MATCH(1,(Base!$C:$C=C3013)*(Base!$I:$I<>""),0)),0)) | L3013: =IF(AND(I3013="",K3013>0),"SIM","NÃO") | M3013: =IF(ISNUMBER(SEARCH("SEPARA",UPPER(C3013))),"NÃO","SIM") | N3013: =IFERROR(H3013/K3013,0) | O3013: =IF(M3013="NÃO","EXCLUÍDO",IF(N3013<Premissas!$B$8,"< 1,00",IF(N3013<Premissas!$B$9,"1,00 – 1,19",IF(N3013<Premissas!$B$10,"1,20 – 1,39",IF(N3013<Premissas!$B$11,"1,40 – 1,59",IF(N3013<Premissas!$B$12,"1,60 – 1,99","≥ 2,00")))))) | P3013: =IF(OR(M3013="NÃO",N3013<Premissas!$B$8),Premissas!$B$13,IF(N3013<Premissas!$B$9,Premissas!$B$14,IF(N3013<Premissas!$B$10,Premissas!$B$15,IF(N3013<Premissas!$B$11,Premissas!$B$16,IF(N3013<Premissas!$B$12,Premissas!$B$17,Premissas!$B$18))))) | Q3013: =IFERROR(P3013/Premissas!$B$4,0)
A3014: 8 | B3014: 1965 | C3014: PUXADA RECEB | D3014: 449713 | E3014: Osmar Francisco Da Cunha | F3014: 2168 | G3014: 114.39 | H3014: 19 | I3014: 0 | J3014: GPA | K3014: =IF(I3014<>"",I3014,IFERROR(INDEX(Base!$I:$I,MATCH(1,(Base!$C:$C=C3014)*(Base!$I:$I<>""),0)),0)) | L3014: =IF(AND(I3014="",K3014>0),"SIM","NÃO") | M3014: =IF(ISNUMBER(SEARCH("SEPARA",UPPER(C3014))),"NÃO","SIM") | N3014: =IFERROR(H3014/K3014,0) | O3014: =IF(M3014="NÃO","EXCLUÍDO",IF(N3014<Premissas!$B$8,"< 1,00",IF(N3014<Premissas!$B$9,"1,00 – 1,19",IF(N3014<Premissas!$B$10,"1,20 – 1,39",IF(N3014<Premissas!$B$11,"1,40 – 1,59",IF(N3014<Premissas!$B$12,"1,60 – 1,99","≥ 2,00")))))) | P3014: =IF(OR(M3014="NÃO",N3014<Premissas!$B$8),Premissas!$B$13,IF(N3014<Premissas!$B$9,Premissas!$B$14,IF(N3014<Premissas!$B$10,Premissas!$B$15,IF(N3014<Premissas!$B$11,Premissas!$B$16,IF(N3014<Premissas!$B$12,Premissas!$B$17,Premissas!$B$18))))) | Q3014: =IFERROR(P3014/Premissas!$B$4,0)
A3015: 8 | B3015: 1965 | C3015: SEPARACAO | D3015: 449713 | E3015: Osmar Francisco Da Cunha | F3015: 66 | G3015: 1.72 | H3015: 38 | J3015: GPA | K3015: =IF(I3015<>"",I3015,IFERROR(INDEX(Base!$I:$I,MATCH(1,(Base!$C:$C=C3015)*(Base!$I:$I<>""),0)),0)) | L3015: =IF(AND(I3015="",K3015>0),"SIM","NÃO") | M3015: =IF(ISNUMBER(SEARCH("SEPARA",UPPER(C3015))),"NÃO","SIM") | N3015: =IFERROR(H3015/K3015,0) | O3015: =IF(M3015="NÃO","EXCLUÍDO",IF(N3015<Premissas!$B$8,"< 1,00",IF(N3015<Premissas!$B$9,"1,00 – 1,19",IF(N3015<Premissas!$B$10,"1,20 – 1,39",IF(N3015<Premissas!$B$11,"1,40 – 1,59",IF(N3015<Premissas!$B$12,"1,60 – 1,99","≥ 2,00")))))) | P3015: =IF(OR(M3015="NÃO",N3015<Premissas!$B$8),Premissas!$B$13,IF(N3015<Premissas!$B$9,Premissas!$B$14,IF(N3015<Premissas!$B$10,Premissas!$B$15,IF(N3015<Premissas!$B$11,Premissas!$B$16,IF(N3015<Premissas!$B$12,Premissas!$B$17,Premissas!$B$18))))) | Q3015: =IFERROR(P3015/Premissas!$B$4,0)
A3016: 8 | B3016: 1965 | C3016: SEPARACAO | D3016: 4527739 | E3016: ELANE CRISTINA DA SILVA MELO | F3016: 523 | G3016: 10.94 | H3016: 48 | J3016: GPA | K3016: =IF(I3016<>"",I3016,IFERROR(INDEX(Base!$I:$I,MATCH(1,(Base!$C:$C=C3016)*(Base!$I:$I<>""),0)),0)) | L3016: =IF(AND(I3016="",K3016>0),"SIM","NÃO") | M3016: =IF(ISNUMBER(SEARCH("SEPARA",UPPER(C3016))),"NÃO","SIM") | N3016: =IFERROR(H3016/K3016,0) | O3016: =IF(M3016="NÃO","EXCLUÍDO",IF(N3016<Premissas!$B$8,"< 1,00",IF(N3016<Premissas!$B$9,"1,00 – 1,19",IF(N3016<Premissas!$B$10,"1,20 – 1,39",IF(N3016<Premissas!$B$11,"1,40 – 1,59",IF(N3016<Premissas!$B$12,"1,60 – 1,99","≥ 2,00")))))) | P3016: =IF(OR(M3016="NÃO",N3016<Premissas!$B$8),Premissas!$B$13,IF(N3016<Premissas!$B$9,Premissas!$B$14,IF(N3016<Premissas!$B$10,Premissas!$B$15,IF(N3016<Premissas!$B$11,Premissas!$B$16,IF(N3016<Premissas!$B$12,Premissas!$B$17,Premissas!$B$18))))) | Q3016: =IFERROR(P3016/Premissas!$B$4,0)
A3017: 8 | B3017: 1965 | C3017: ATIVIDADE OP. EMP. | D3017: 454854 | E3017: Valquiria Da Silva Ribeiro | F3017: 583 | G3017: 86.04 | H3017: 7 | I3017: 0 | J3017: GPA | K3017: =IF(I3017<>"",I3017,IFERROR(INDEX(Base!$I:$I,MATCH(1,(Base!$C:$C=C3017)*(Base!$I:$I<>""),0)),0)) | L3017: =IF(AND(I3017="",K3017>0),"SIM","NÃO") | M3017: =IF(ISNUMBER(SEARCH("SEPARA",UPPER(C3017))),"NÃO","SIM") | N3017: =IFERROR(H3017/K3017,0) | O3017: =IF(M3017="NÃO","EXCLUÍDO",IF(N3017<Premissas!$B$8,"< 1,00",IF(N3017<Premissas!$B$9,"1,00 – 1,19",IF(N3017<Premissas!$B$10,"1,20 – 1,39",IF(N3017<Premissas!$B$11,"1,40 – 1,59",IF(N3017<Premissas!$B$12,"1,60 – 1,99","≥ 2,00")))))) | P3017: =IF(OR(M3017="NÃO",N3017<Premissas!$B$8),Premissas!$B$13,IF(N3017<Premissas!$B$9,Premissas!$B$14,IF(N3017<Premissas!$B$10,Premissas!$B$15,IF(N3017<Premissas!$B$11,Premissas!$B$16,IF(N3017<Premissas!$B$12,Premissas!$B$17,Premissas!$B$18))))) | Q3017: =IFERROR(P3017/Premissas!$B$4,0)
A3018: 8 | B3018: 1965 | C3018: ATIVIDADE OP. EMP. | D3018: 456332 | E3018: DAMIAO RUFINO | F3018: 37 | G3018: 21.8 | H3018: 2 | I3018: 0 | J3018: GPA | K3018: =IF(I3018<>"",I3018,IFERROR(INDEX(Base!$I:$I,MATCH(1,(Base!$C:$C=C3018)*(Base!$I:$I<>""),0)),0)) | L3018: =IF(AND(I3018="",K3018>0),"SIM","NÃO") | M3018: =IF(ISNUMBER(SEARCH("SEPARA",UPPER(C3018))),"NÃO","SIM") | N3018: =IFERROR(H3018/K3018,0) | O3018: =IF(M3018="NÃO","EXCLUÍDO",IF(N3018<Premissas!$B$8,"< 1,00",IF(N3018<Premissas!$B$9,"1,00 – 1,19",IF(N3018<Premissas!$B$10,"1,20 – 1,39",IF(N3018<Premissas!$B$11,"1,40 – 1,59",IF(N3018<Premissas!$B$12,"1,60 – 1,99","≥ 2,00")))))) | P3018: =IF(OR(M3018="NÃO",N3018<Premissas!$B$8),Premissas!$B$13,IF(N3018<Premissas!$B$9,Premissas!$B$14,IF(N3018<Premissas!$B$10,Premissas!$B$15,IF(N3018<Premissas!$B$11,Premissas!$B$16,IF(N3018<Premissas!$B$12,Premissas!$B$17,Premissas!$B$18))))) | Q3018: =IFERROR(P3018/Premissas!$B$4,0)
A3019: 8 | B3019: 1965 | C3019: CARREGAMENTO | D3019: 4575156 | E3019: Homero Anilis | F3019: 358 | G3019: 15.62 | H3019: 23 | I3019: 0 | J3019: GPA | K3019: =IF(I3019<>"",I3019,IFERROR(INDEX(Base!$I:$I,MATCH(1,(Base!$C:$C=C3019)*(Base!$I:$I<>""),0)),0)) | L3019: =IF(AND(I3019="",K3019>0),"SIM","NÃO") | M3019: =IF(ISNUMBER(SEARCH("SEPARA",UPPER(C3019))),"NÃO","SIM") | N3019: =IFERROR(H3019/K3019,0) | O3019: =IF(M3019="NÃO","EXCLUÍDO",IF(N3019<Premissas!$B$8,"< 1,00",IF(N3019<Premissas!$B$9,"1,00 – 1,19",IF(N3019<Premissas!$B$10,"1,20 – 1,39",IF(N3019<Premissas!$B$11,"1,40 – 1,59",IF(N3019<Premissas!$B$12,"1,60 – 1,99","≥ 2,00")))))) | P3019: =IF(OR(M3019="NÃO",N3019<Premissas!$B$8),Premissas!$B$13,IF(N3019<Premissas!$B$9,Premissas!$B$14,IF(N3019<Premissas!$B$10,Premissas!$B$15,IF(N3019<Premissas!$B$11,Premissas!$B$16,IF(N3019<Premissas!$B$12,Premissas!$B$17,Premissas!$B$18))))) | Q3019: =IFERROR(P3019/Premissas!$B$4,0)
A3020: 8 | B3020: 1965 | C3020: CARREGAMENTO | D3020: 4576837 | E3020: Elias Jose De Araujo | F3020: 1115 | G3020: 52.95 | H3020: 21 | I3020: 0 | J3020: GPA | K3020: =IF(I3020<>"",I3020,IFERROR(INDEX(Base!$I:$I,MATCH(1,(Base!$C:$C=C3020)*(Base!$I:$I<>""),0)),0)) | L3020: =IF(AND(I3020="",K3020>0),"SIM","NÃO") | M3020: =IF(ISNUMBER(SEARCH("SEPARA",UPPER(C3020))),"NÃO","SIM") | N3020: =IFERROR(H3020/K3020,0) | O3020: =IF(M3020="NÃO","EXCLUÍDO",IF(N3020<Premissas!$B$8,"< 1,00",IF(N3020<Premissas!$B$9,"1,00 – 1,19",IF(N3020<Premissas!$B$10,"1,20 – 1,39",IF(N3020<Premissas!$B$11,"1,40 – 1,59",IF(N3020<Premissas!$B$12,"1,60 – 1,99","≥ 2,00")))))) | P3020: =IF(OR(M3020="NÃO",N3020<Premissas!$B$8),Premissas!$B$13,IF(N3020<Premissas!$B$9,Premissas!$B$14,IF(N3020<Premissas!$B$10,Premissas!$B$15,IF(N3020<Premissas!$B$11,Premissas!$B$16,IF(N3020<Premissas!$B$12,Premissas!$B$17,Premissas!$B$18))))) | Q3020: =IFERROR(P3020/Premissas!$B$4,0)
A3021: 8 | B3021: 1965 | C3021: ATIVIDADE OP. EMP. | D3021: 4577418 | E3021: Edgar Veras Santos | F3021: 1941 | G3021: 143.41 | H3021: 14 | I3021: 0 | J3021: GPA | K3021: =IF(I3021<>"",I3021,IFERROR(INDEX(Base!$I:$I,MATCH(1,(Base!$C:$C=C3021)*(Base!$I:$I<>""),0)),0)) | L3021: =IF(AND(I3021="",K3021>0),"SIM","NÃO") | M3021: =IF(ISNUMBER(SEARCH("SEPARA",UPPER(C3021))),"NÃO","SIM") | N3021: =IFERROR(H3021/K3021,0) | O3021: =IF(M3021="NÃO","EXCLUÍDO",IF(N3021<Premissas!$B$8,"< 1,00",IF(N3021<Premissas!$B$9,"1,00 – 1,19",IF(N3021<Premissas!$B$10,"1,20 – 1,39",IF(N3021<Premissas!$B$11,"1,40 – 1,59",IF(N3021<Premissas!$B$12,"1,60 – 1,99","≥ 2,00")))))) | P3021: =IF(OR(M3021="NÃO",N3021<Premissas!$B$8),Premissas!$B$13,IF(N3021<Premissas!$B$9,Premissas!$B$14,IF(N3021<Premissas!$B$10,Premissas!$B$15,IF(N3021<Premissas!$B$11,Premissas!$B$16,IF(N3021<Premissas!$B$12,Premissas!$B$17,Premissas!$B$18))))) | Q3021: =IFERROR(P3021/Premissas!$B$4,0)
A3022: 8 | B3022: 1965 | C3022: ATIVIDADE OP. EMP. | D3022: 4578775 | E3022: JOSE INACIO SANTOS DE OLIVEIRA | F3022: 1790 | G3022: 212.91 | H3022: 8 | I3022: 0 | J3022: GPA | K3022: =IF(I3022<>"",I3022,IFERROR(INDEX(Base!$I:$I,MATCH(1,(Base!$C:$C=C3022)*(Base!$I:$I<>""),0)),0)) | L3022: =IF(AND(I3022="",K3022>0),"SIM","NÃO") | M3022: =IF(ISNUMBER(SEARCH("SEPARA",UPPER(C3022))),"NÃO","SIM") | N3022: =IFERROR(H3022/K3022,0) | O3022: =IF(M3022="NÃO","EXCLUÍDO",IF(N3022<Premissas!$B$8,"< 1,00",IF(N3022<Premissas!$B$9,"1,00 – 1,19",IF(N3022<Premissas!$B$10,"1,20 – 1,39",IF(N3022<Premissas!$B$11,"1,40 – 1,59",IF(N3022<Premissas!$B$12,"1,60 – 1,99","≥ 2,00")))))) | P3022: =IF(OR(M3022="NÃO",N3022<Premissas!$B$8),Premissas!$B$13,IF(N3022<Premissas!$B$9,Premissas!$B$14,IF(N3022<Premissas!$B$10,Premissas!$B$15,IF(N3022<Premissas!$B$11,Premissas!$B$16,IF(N3022<Premissas!$B$12,Premissas!$B$17,Premissas!$B$18))))) | Q3022: =IFERROR(P3022/Premissas!$B$4,0)
A3023: 8 | B3023: 1965 | C3023: CARREGAMENTO | D3023: 4596943 | E3023: Bruno Alves Dos Santos | F3023: 600 | G3023: 34.24 | H3023: 18 | I3023: 0 | J3023: GPA | K3023: =IF(I3023<>"",I3023,IFERROR(INDEX(Base!$I:$I,MATCH(1,(Base!$C:$C=C3023)*(Base!$I:$I<>""),0)),0)) | L3023: =IF(AND(I3023="",K3023>0),"SIM","NÃO") | M3023: =IF(ISNUMBER(SEARCH("SEPARA",UPPER(C3023))),"NÃO","SIM") | N3023: =IFERROR(H3023/K3023,0) | O3023: =IF(M3023="NÃO","EXCLUÍDO",IF(N3023<Premissas!$B$8,"< 1,00",IF(N3023<Premissas!$B$9,"1,00 – 1,19",IF(N3023<Premissas!$B$10,"1,20 – 1,39",IF(N3023<Premissas!$B$11,"1,40 – 1,59",IF(N3023<Premissas!$B$12,"1,60 – 1,99","≥ 2,00")))))) | P3023: =IF(OR(M3023="NÃO",N3023<Premissas!$B$8),Premissas!$B$13,IF(N3023<Premissas!$B$9,Premissas!$B$14,IF(N3023<Premissas!$B$10,Premissas!$B$15,IF(N3023<Premissas!$B$11,Premissas!$B$16,IF(N3023<Premissas!$B$12,Premissas!$B$17,Premissas!$B$18))))) | Q3023: =IFERROR(P3023/Premissas!$B$4,0)
A3024: 8 | B3024: 1965 | C3024: SEPARACAO | D3024: 4864824 | E3024: Carlos Vinicius Carmo | F3024: 576 | G3024: 20.76 | H3024: 28 | J3024: GPA | K3024: =IF(I3024<>"",I3024,IFERROR(INDEX(Base!$I:$I,MATCH(1,(Base!$C:$C=C3024)*(Base!$I:$I<>""),0)),0)) | L3024: =IF(AND(I3024="",K3024>0),"SIM","NÃO") | M3024: =IF(ISNUMBER(SEARCH("SEPARA",UPPER(C3024))),"NÃO","SIM") | N3024: =IFERROR(H3024/K3024,0) | O3024: =IF(M3024="NÃO","EXCLUÍDO",IF(N3024<Premissas!$B$8,"< 1,00",IF(N3024<Premissas!$B$9,"1,00 – 1,19",IF(N3024<Premissas!$B$10,"1,20 – 1,39",IF(N3024<Premissas!$B$11,"1,40 – 1,59",IF(N3024<Premissas!$B$12,"1,60 – 1,99","≥ 2,00")))))) | P3024: =IF(OR(M3024="NÃO",N3024<Premissas!$B$8),Premissas!$B$13,IF(N3024<Premissas!$B$9,Premissas!$B$14,IF(N3024<Premissas!$B$10,Premissas!$B$15,IF(N3024<Premissas!$B$11,Premissas!$B$16,IF(N3024<Premissas!$B$12,Premissas!$B$17,Premissas!$B$18))))) | Q3024: =IFERROR(P3024/Premissas!$B$4,0)
A3025: 8 | B3025: 1965 | C3025: CARREGAMENTO | D3025: 4864905 | E3025: EDIMAR DE OLIVEIRA DA SILVA | F3025: 1069 | G3025: 62.85 | H3025: 17 | I3025: 0 | J3025: GPA | K3025: =IF(I3025<>"",I3025,IFERROR(INDEX(Base!$I:$I,MATCH(1,(Base!$C:$C=C3025)*(Base!$I:$I<>""),0)),0)) | L3025: =IF(AND(I3025="",K3025>0),"SIM","NÃO") | M3025: =IF(ISNUMBER(SEARCH("SEPARA",UPPER(C3025))),"NÃO","SIM") | N3025: =IFERROR(H3025/K3025,0) | O3025: =IF(M3025="NÃO","EXCLUÍDO",IF(N3025<Premissas!$B$8,"< 1,00",IF(N3025<Premissas!$B$9,"1,00 – 1,19",IF(N3025<Premissas!$B$10,"1,20 – 1,39",IF(N3025<Premissas!$B$11,"1,40 – 1,59",IF(N3025<Premissas!$B$12,"1,60 – 1,99","≥ 2,00")))))) | P3025: =IF(OR(M3025="NÃO",N3025<Premissas!$B$8),Premissas!$B$13,IF(N3025<Premissas!$B$9,Premissas!$B$14,IF(N3025<Premissas!$B$10,Premissas!$B$15,IF(N3025<Premissas!$B$11,Premissas!$B$16,IF(N3025<Premissas!$B$12,Premissas!$B$17,Premissas!$B$18))))) | Q3025: =IFERROR(P3025/Premissas!$B$4,0)
A3026: 8 | B3026: 1965 | C3026: ATIVIDADE OP. EMP. | D3026: 495124 | E3026: Maria Ionete Martins | F3026: 1265 | G3026: 178.73 | H3026: 7 | I3026: 0 | J3026: GPA | K3026: =IF(I3026<>"",I3026,IFERROR(INDEX(Base!$I:$I,MATCH(1,(Base!$C:$C=C3026)*(Base!$I:$I<>""),0)),0)) | L3026: =IF(AND(I3026="",K3026>0),"SIM","NÃO") | M3026: =IF(ISNUMBER(SEARCH("SEPARA",UPPER(C3026))),"NÃO","SIM") | N3026: =IFERROR(H3026/K3026,0) | O3026: =IF(M3026="NÃO","EXCLUÍDO",IF(N3026<Premissas!$B$8,"< 1,00",IF(N3026<Premissas!$B$9,"1,00 – 1,19",IF(N3026<Premissas!$B$10,"1,20 – 1,39",IF(N3026<Premissas!$B$11,"1,40 – 1,59",IF(N3026<Premissas!$B$12,"1,60 – 1,99","≥ 2,00")))))) | P3026: =IF(OR(M3026="NÃO",N3026<Premissas!$B$8),Premissas!$B$13,IF(N3026<Premissas!$B$9,Premissas!$B$14,IF(N3026<Premissas!$B$10,Premissas!$B$15,IF(N3026<Premissas!$B$11,Premissas!$B$16,IF(N3026<Premissas!$B$12,Premissas!$B$17,Premissas!$B$18))))) | Q3026: =IFERROR(P3026/Premissas!$B$4,0)
A3027: 8 | B3027: 1965 | C3027: CARREGAMENTO | D3027: 4979559 | E3027: WILLIAM DOS SANTOS CAETANO | F3027: 196 | G3027: 16.43 | H3027: 12 | I3027: 0 | J3027: GPA | K3027: =IF(I3027<>"",I3027,IFERROR(INDEX(Base!$I:$I,MATCH(1,(Base!$C:$C=C3027)*(Base!$I:$I<>""),0)),0)) | L3027: =IF(AND(I3027="",K3027>0),"SIM","NÃO") | M3027: =IF(ISNUMBER(SEARCH("SEPARA",UPPER(C3027))),"NÃO","SIM") | N3027: =IFERROR(H3027/K3027,0) | O3027: =IF(M3027="NÃO","EXCLUÍDO",IF(N3027<Premissas!$B$8,"< 1,00",IF(N3027<Premissas!$B$9,"1,00 – 1,19",IF(N3027<Premissas!$B$10,"1,20 – 1,39",IF(N3027<Premissas!$B$11,"1,40 – 1,59",IF(N3027<Premissas!$B$12,"1,60 – 1,99","≥ 2,00")))))) | P3027: =IF(OR(M3027="NÃO",N3027<Premissas!$B$8),Premissas!$B$13,IF(N3027<Premissas!$B$9,Premissas!$B$14,IF(N3027<Premissas!$B$10,Premissas!$B$15,IF(N3027<Premissas!$B$11,Premissas!$B$16,IF(N3027<Premissas!$B$12,Premissas!$B$17,Premissas!$B$18))))) | Q3027: =IFERROR(P3027/Premissas!$B$4,0)
A3028: 8 | B3028: 1965 | C3028: RECEBIMENTO | D3028: 4979559 | E3028: WILLIAM DOS SANTOS CAETANO | F3028: 1 | G3028: 0.68 | H3028: 1 | I3028: 0 | J3028: GPA | K3028: =IF(I3028<>"",I3028,IFERROR(INDEX(Base!$I:$I,MATCH(1,(Base!$C:$C=C3028)*(Base!$I:$I<>""),0)),0)) | L3028: =IF(AND(I3028="",K3028>0),"SIM","NÃO") | M3028: =IF(ISNUMBER(SEARCH("SEPARA",UPPER(C3028))),"NÃO","SIM") | N3028: =IFERROR(H3028/K3028,0) | O3028: =IF(M3028="NÃO","EXCLUÍDO",IF(N3028<Premissas!$B$8,"< 1,00",IF(N3028<Premissas!$B$9,"1,00 – 1,19",IF(N3028<Premissas!$B$10,"1,20 – 1,39",IF(N3028<Premissas!$B$11,"1,40 – 1,59",IF(N3028<Premissas!$B$12,"1,60 – 1,99","≥ 2,00")))))) | P3028: =IF(OR(M3028="NÃO",N3028<Premissas!$B$8),Premissas!$B$13,IF(N3028<Premissas!$B$9,Premissas!$B$14,IF(N3028<Premissas!$B$10,Premissas!$B$15,IF(N3028<Premissas!$B$11,Premissas!$B$16,IF(N3028<Premissas!$B$12,Premissas!$B$17,Premissas!$B$18))))) | Q3028: =IFERROR(P3028/Premissas!$B$4,0)
A3029: 8 | B3029: 1965 | C3029: SEPARACAO | D3029: 4979559 | E3029: WILLIAM DOS SANTOS CAETANO | F3029: 757 | G3029: 18.14 | H3029: 42 | J3029: GPA | K3029: =IF(I3029<>"",I3029,IFERROR(INDEX(Base!$I:$I,MATCH(1,(Base!$C:$C=C3029)*(Base!$I:$I<>""),0)),0)) | L3029: =IF(AND(I3029="",K3029>0),"SIM","NÃO") | M3029: =IF(ISNUMBER(SEARCH("SEPARA",UPPER(C3029))),"NÃO","SIM") | N3029: =IFERROR(H3029/K3029,0) | O3029: =IF(M3029="NÃO","EXCLUÍDO",IF(N3029<Premissas!$B$8,"< 1,00",IF(N3029<Premissas!$B$9,"1,00 – 1,19",IF(N3029<Premissas!$B$10,"1,20 – 1,39",IF(N3029<Premissas!$B$11,"1,40 – 1,59",IF(N3029<Premissas!$B$12,"1,60 – 1,99","≥ 2,00")))))) | P3029: =IF(OR(M3029="NÃO",N3029<Premissas!$B$8),Premissas!$B$13,IF(N3029<Premissas!$B$9,Premissas!$B$14,IF(N3029<Premissas!$B$10,Premissas!$B$15,IF(N3029<Premissas!$B$11,Premissas!$B$16,IF(N3029<Premissas!$B$12,Premissas!$B$17,Premissas!$B$18))))) | Q3029: =IFERROR(P3029/Premissas!$B$4,0)
A3030: 8 | B3030: 1965 | C3030: SEPARACAO | D3030: 4989040 | E3030: RAFAEL DE CASTRO PEREIRA | F3030: 3420 | G3030: 90.45 | H3030: 38 | J3030: GPA | K3030: =IF(I3030<>"",I3030,IFERROR(INDEX(Base!$I:$I,MATCH(1,(Base!$C:$C=C3030)*(Base!$I:$I<>""),0)),0)) | L3030: =IF(AND(I3030="",K3030>0),"SIM","NÃO") | M3030: =IF(ISNUMBER(SEARCH("SEPARA",UPPER(C3030))),"NÃO","SIM") | N3030: =IFERROR(H3030/K3030,0) | O3030: =IF(M3030="NÃO","EXCLUÍDO",IF(N3030<Premissas!$B$8,"< 1,00",IF(N3030<Premissas!$B$9,"1,00 – 1,19",IF(N3030<Premissas!$B$10,"1,20 – 1,39",IF(N3030<Premissas!$B$11,"1,40 – 1,59",IF(N3030<Premissas!$B$12,"1,60 – 1,99","≥ 2,00")))))) | P3030: =IF(OR(M3030="NÃO",N3030<Premissas!$B$8),Premissas!$B$13,IF(N3030<Premissas!$B$9,Premissas!$B$14,IF(N3030<Premissas!$B$10,Premissas!$B$15,IF(N3030<Premissas!$B$11,Premissas!$B$16,IF(N3030<Premissas!$B$12,Premissas!$B$17,Premissas!$B$18))))) | Q3030: =IFERROR(P3030/Premissas!$B$4,0)
A3031: 8 | B3031: 1965 | C3031: ATIVIDADE OP. EMP. | D3031: 4990137 | E3031: Erivaldo Oliveira Da Silva | F3031: 1942 | G3031: 152.94 | H3031: 13 | I3031: 0 | J3031: GPA | K3031: =IF(I3031<>"",I3031,IFERROR(INDEX(Base!$I:$I,MATCH(1,(Base!$C:$C=C3031)*(Base!$I:$I<>""),0)),0)) | L3031: =IF(AND(I3031="",K3031>0),"SIM","NÃO") | M3031: =IF(ISNUMBER(SEARCH("SEPARA",UPPER(C3031))),"NÃO","SIM") | N3031: =IFERROR(H3031/K3031,0) | O3031: =IF(M3031="NÃO","EXCLUÍDO",IF(N3031<Premissas!$B$8,"< 1,00",IF(N3031<Premissas!$B$9,"1,00 – 1,19",IF(N3031<Premissas!$B$10,"1,20 – 1,39",IF(N3031<Premissas!$B$11,"1,40 – 1,59",IF(N3031<Premissas!$B$12,"1,60 – 1,99","≥ 2,00")))))) | P3031: =IF(OR(M3031="NÃO",N3031<Premissas!$B$8),Premissas!$B$13,IF(N3031<Premissas!$B$9,Premissas!$B$14,IF(N3031<Premissas!$B$10,Premissas!$B$15,IF(N3031<Premissas!$B$11,Premissas!$B$16,IF(N3031<Premissas!$B$12,Premissas!$B$17,Premissas!$B$18))))) | Q3031: =IFERROR(P3031/Premissas!$B$4,0)
A3032: 8 | B3032: 1965 | C3032: SEPARACAO | D3032: 5001838 | E3032: Debora Vieira Ferreira | F3032: 1384 | G3032: 13.56 | H3032: 102 | J3032: GPA | K3032: =IF(I3032<>"",I3032,IFERROR(INDEX(Base!$I:$I,MATCH(1,(Base!$C:$C=C3032)*(Base!$I:$I<>""),0)),0)) | L3032: =IF(AND(I3032="",K3032>0),"SIM","NÃO") | M3032: =IF(ISNUMBER(SEARCH("SEPARA",UPPER(C3032))),"NÃO","SIM") | N3032: =IFERROR(H3032/K3032,0) | O3032: =IF(M3032="NÃO","EXCLUÍDO",IF(N3032<Premissas!$B$8,"< 1,00",IF(N3032<Premissas!$B$9,"1,00 – 1,19",IF(N3032<Premissas!$B$10,"1,20 – 1,39",IF(N3032<Premissas!$B$11,"1,40 – 1,59",IF(N3032<Premissas!$B$12,"1,60 – 1,99","≥ 2,00")))))) | P3032: =IF(OR(M3032="NÃO",N3032<Premissas!$B$8),Premissas!$B$13,IF(N3032<Premissas!$B$9,Premissas!$B$14,IF(N3032<Premissas!$B$10,Premissas!$B$15,IF(N3032<Premissas!$B$11,Premissas!$B$16,IF(N3032<Premissas!$B$12,Premissas!$B$17,Premissas!$B$18))))) | Q3032: =IFERROR(P3032/Premissas!$B$4,0)
A3033: 8 | B3033: 1965 | C3033: CARREGAMENTO | D3033: 500233 | E3033: Sidenilton Santos Da Conceicao | F3033: 149 | G3033: 19.14 | H3033: 8 | I3033: 0 | J3033: GPA | K3033: =IF(I3033<>"",I3033,IFERROR(INDEX(Base!$I:$I,MATCH(1,(Base!$C:$C=C3033)*(Base!$I:$I<>""),0)),0)) | L3033: =IF(AND(I3033="",K3033>0),"SIM","NÃO") | M3033: =IF(ISNUMBER(SEARCH("SEPARA",UPPER(C3033))),"NÃO","SIM") | N3033: =IFERROR(H3033/K3033,0) | O3033: =IF(M3033="NÃO","EXCLUÍDO",IF(N3033<Premissas!$B$8,"< 1,00",IF(N3033<Premissas!$B$9,"1,00 – 1,19",IF(N3033<Premissas!$B$10,"1,20 – 1,39",IF(N3033<Premissas!$B$11,"1,40 – 1,59",IF(N3033<Premissas!$B$12,"1,60 – 1,99","≥ 2,00")))))) | P3033: =IF(OR(M3033="NÃO",N3033<Premissas!$B$8),Premissas!$B$13,IF(N3033<Premissas!$B$9,Premissas!$B$14,IF(N3033<Premissas!$B$10,Premissas!$B$15,IF(N3033<Premissas!$B$11,Premissas!$B$16,IF(N3033<Premissas!$B$12,Premissas!$B$17,Premissas!$B$18))))) | Q3033: =IFERROR(P3033/Premissas!$B$4,0)
A3034: 8 | B3034: 1965 | C3034: SEPARACAO | D3034: 500233 | E3034: Sidenilton Santos Da Conceicao | F3034: 561 | G3034: 15.8 | H3034: 36 | J3034: GPA | K3034: =IF(I3034<>"",I3034,IFERROR(INDEX(Base!$I:$I,MATCH(1,(Base!$C:$C=C3034)*(Base!$I:$I<>""),0)),0)) | L3034: =IF(AND(I3034="",K3034>0),"SIM","NÃO") | M3034: =IF(ISNUMBER(SEARCH("SEPARA",UPPER(C3034))),"NÃO","SIM") | N3034: =IFERROR(H3034/K3034,0) | O3034: =IF(M3034="NÃO","EXCLUÍDO",IF(N3034<Premissas!$B$8,"< 1,00",IF(N3034<Premissas!$B$9,"1,00 – 1,19",IF(N3034<Premissas!$B$10,"1,20 – 1,39",IF(N3034<Premissas!$B$11,"1,40 – 1,59",IF(N3034<Premissas!$B$12,"1,60 – 1,99","≥ 2,00")))))) | P3034: =IF(OR(M3034="NÃO",N3034<Premissas!$B$8),Premissas!$B$13,IF(N3034<Premissas!$B$9,Premissas!$B$14,IF(N3034<Premissas!$B$10,Premissas!$B$15,IF(N3034<Premissas!$B$11,Premissas!$B$16,IF(N3034<Premissas!$B$12,Premissas!$B$17,Premissas!$B$18))))) | Q3034: =IFERROR(P3034/Premissas!$B$4,0)
A3035: 8 | B3035: 1965 | C3035: SEPARACAO | D3035: 5011175 | E3035: Clevisson Santos Do Nascimento | F3035: 5363 | G3035: 113.05 | H3035: 47 | J3035: GPA | K3035: =IF(I3035<>"",I3035,IFERROR(INDEX(Base!$I:$I,MATCH(1,(Base!$C:$C=C3035)*(Base!$I:$I<>""),0)),0)) | L3035: =IF(AND(I3035="",K3035>0),"SIM","NÃO") | M3035: =IF(ISNUMBER(SEARCH("SEPARA",UPPER(C3035))),"NÃO","SIM") | N3035: =IFERROR(H3035/K3035,0) | O3035: =IF(M3035="NÃO","EXCLUÍDO",IF(N3035<Premissas!$B$8,"< 1,00",IF(N3035<Premissas!$B$9,"1,00 – 1,19",IF(N3035<Premissas!$B$10,"1,20 – 1,39",IF(N3035<Premissas!$B$11,"1,40 – 1,59",IF(N3035<Premissas!$B$12,"1,60 – 1,99","≥ 2,00")))))) | P3035: =IF(OR(M3035="NÃO",N3035<Premissas!$B$8),Premissas!$B$13,IF(N3035<Premissas!$B$9,Premissas!$B$14,IF(N3035<Premissas!$B$10,Premissas!$B$15,IF(N3035<Premissas!$B$11,Premissas!$B$16,IF(N3035<Premissas!$B$12,Premissas!$B$17,Premissas!$B$18))))) | Q3035: =IFERROR(P3035/Premissas!$B$4,0)
A3036: 8 | B3036: 1965 | C3036: ATIVIDADE OP. EMP. | D3036: 5061148 | E3036: EDUARDO HENRIQUE BORGES | F3036: 3754 | G3036: 199.57 | H3036: 19 | I3036: 0 | J3036: GPA | K3036: =IF(I3036<>"",I3036,IFERROR(INDEX(Base!$I:$I,MATCH(1,(Base!$C:$C=C3036)*(Base!$I:$I<>""),0)),0)) | L3036: =IF(AND(I3036="",K3036>0),"SIM","NÃO") | M3036: =IF(ISNUMBER(SEARCH("SEPARA",UPPER(C3036))),"NÃO","SIM") | N3036: =IFERROR(H3036/K3036,0) | O3036: =IF(M3036="NÃO","EXCLUÍDO",IF(N3036<Premissas!$B$8,"< 1,00",IF(N3036<Premissas!$B$9,"1,00 – 1,19",IF(N3036<Premissas!$B$10,"1,20 – 1,39",IF(N3036<Premissas!$B$11,"1,40 – 1,59",IF(N3036<Premissas!$B$12,"1,60 – 1,99","≥ 2,00")))))) | P3036: =IF(OR(M3036="NÃO",N3036<Premissas!$B$8),Premissas!$B$13,IF(N3036<Premissas!$B$9,Premissas!$B$14,IF(N3036<Premissas!$B$10,Premissas!$B$15,IF(N3036<Premissas!$B$11,Premissas!$B$16,IF(N3036<Premissas!$B$12,Premissas!$B$17,Premissas!$B$18))))) | Q3036: =IFERROR(P3036/Premissas!$B$4,0)
A3037: 8 | B3037: 1965 | C3037: CARREGAMENTO | D3037: 5066190 | E3037: Iderval Dias Feitosa | F3037: 2791 | G3037: 56.42 | H3037: 49 | I3037: 0 | J3037: GPA | K3037: =IF(I3037<>"",I3037,IFERROR(INDEX(Base!$I:$I,MATCH(1,(Base!$C:$C=C3037)*(Base!$I:$I<>""),0)),0)) | L3037: =IF(AND(I3037="",K3037>0),"SIM","NÃO") | M3037: =IF(ISNUMBER(SEARCH("SEPARA",UPPER(C3037))),"NÃO","SIM") | N3037: =IFERROR(H3037/K3037,0) | O3037: =IF(M3037="NÃO","EXCLUÍDO",IF(N3037<Premissas!$B$8,"< 1,00",IF(N3037<Premissas!$B$9,"1,00 – 1,19",IF(N3037<Premissas!$B$10,"1,20 – 1,39",IF(N3037<Premissas!$B$11,"1,40 – 1,59",IF(N3037<Premissas!$B$12,"1,60 – 1,99","≥ 2,00")))))) | P3037: =IF(OR(M3037="NÃO",N3037<Premissas!$B$8),Premissas!$B$13,IF(N3037<Premissas!$B$9,Premissas!$B$14,IF(N3037<Premissas!$B$10,Premissas!$B$15,IF(N3037<Premissas!$B$11,Premissas!$B$16,IF(N3037<Premissas!$B$12,Premissas!$B$17,Premissas!$B$18))))) | Q3037: =IFERROR(P3037/Premissas!$B$4,0)
A3038: 8 | B3038: 1965 | C3038: PUXADA RECEB | D3038: 5066190 | E3038: Iderval Dias Feitosa | F3038: 3 | G3038: 0.22 | H3038: 14 | I3038: 0 | J3038: GPA | K3038: =IF(I3038<>"",I3038,IFERROR(INDEX(Base!$I:$I,MATCH(1,(Base!$C:$C=C3038)*(Base!$I:$I<>""),0)),0)) | L3038: =IF(AND(I3038="",K3038>0),"SIM","NÃO") | M3038: =IF(ISNUMBER(SEARCH("SEPARA",UPPER(C3038))),"NÃO","SIM") | N3038: =IFERROR(H3038/K3038,0) | O3038: =IF(M3038="NÃO","EXCLUÍDO",IF(N3038<Premissas!$B$8,"< 1,00",IF(N3038<Premissas!$B$9,"1,00 – 1,19",IF(N3038<Premissas!$B$10,"1,20 – 1,39",IF(N3038<Premissas!$B$11,"1,40 – 1,59",IF(N3038<Premissas!$B$12,"1,60 – 1,99","≥ 2,00")))))) | P3038: =IF(OR(M3038="NÃO",N3038<Premissas!$B$8),Premissas!$B$13,IF(N3038<Premissas!$B$9,Premissas!$B$14,IF(N3038<Premissas!$B$10,Premissas!$B$15,IF(N3038<Premissas!$B$11,Premissas!$B$16,IF(N3038<Premissas!$B$12,Premissas!$B$17,Premissas!$B$18))))) | Q3038: =IFERROR(P3038/Premissas!$B$4,0)
A3039: 8 | B3039: 1965 | C3039: ATIVIDADE OP. EMP. | D3039: 5081696 | E3039: CELIO JOSE DOS SANTOS | F3039: 1933 | G3039: 206.02 | H3039: 9 | I3039: 0 | J3039: GPA | K3039: =IF(I3039<>"",I3039,IFERROR(INDEX(Base!$I:$I,MATCH(1,(Base!$C:$C=C3039)*(Base!$I:$I<>""),0)),0)) | L3039: =IF(AND(I3039="",K3039>0),"SIM","NÃO") | M3039: =IF(ISNUMBER(SEARCH("SEPARA",UPPER(C3039))),"NÃO","SIM") | N3039: =IFERROR(H3039/K3039,0) | O3039: =IF(M3039="NÃO","EXCLUÍDO",IF(N3039<Premissas!$B$8,"< 1,00",IF(N3039<Premissas!$B$9,"1,00 – 1,19",IF(N3039<Premissas!$B$10,"1,20 – 1,39",IF(N3039<Premissas!$B$11,"1,40 – 1,59",IF(N3039<Premissas!$B$12,"1,60 – 1,99","≥ 2,00")))))) | P3039: =IF(OR(M3039="NÃO",N3039<Premissas!$B$8),Premissas!$B$13,IF(N3039<Premissas!$B$9,Premissas!$B$14,IF(N3039<Premissas!$B$10,Premissas!$B$15,IF(N3039<Premissas!$B$11,Premissas!$B$16,IF(N3039<Premissas!$B$12,Premissas!$B$17,Premissas!$B$18))))) | Q3039: =IFERROR(P3039/Premissas!$B$4,0)
A3040: 8 | B3040: 1965 | C3040: RECEBIMENTO | D3040: 5113687 | E3040: Kawan Dickson Jesus Dos Santos | F3040: 10 | G3040: 0.19 | H3040: 53 | I3040: 0 | J3040: GPA | K3040: =IF(I3040<>"",I3040,IFERROR(INDEX(Base!$I:$I,MATCH(1,(Base!$C:$C=C3040)*(Base!$I:$I<>""),0)),0)) | L3040: =IF(AND(I3040="",K3040>0),"SIM","NÃO") | M3040: =IF(ISNUMBER(SEARCH("SEPARA",UPPER(C3040))),"NÃO","SIM") | N3040: =IFERROR(H3040/K3040,0) | O3040: =IF(M3040="NÃO","EXCLUÍDO",IF(N3040<Premissas!$B$8,"< 1,00",IF(N3040<Premissas!$B$9,"1,00 – 1,19",IF(N3040<Premissas!$B$10,"1,20 – 1,39",IF(N3040<Premissas!$B$11,"1,40 – 1,59",IF(N3040<Premissas!$B$12,"1,60 – 1,99","≥ 2,00")))))) | P3040: =IF(OR(M3040="NÃO",N3040<Premissas!$B$8),Premissas!$B$13,IF(N3040<Premissas!$B$9,Premissas!$B$14,IF(N3040<Premissas!$B$10,Premissas!$B$15,IF(N3040<Premissas!$B$11,Premissas!$B$16,IF(N3040<Premissas!$B$12,Premissas!$B$17,Premissas!$B$18))))) | Q3040: =IFERROR(P3040/Premissas!$B$4,0)
A3041: 8 | B3041: 1965 | C3041: ATIVIDADE OP. EMP. | D3041: 5115418 | E3041: Diego Rodrigues Hidalgo | F3041: 5159 | G3041: 168.47 | H3041: 31 | I3041: 0 | J3041: GPA | K3041: =IF(I3041<>"",I3041,IFERROR(INDEX(Base!$I:$I,MATCH(1,(Base!$C:$C=C3041)*(Base!$I:$I<>""),0)),0)) | L3041: =IF(AND(I3041="",K3041>0),"SIM","NÃO") | M3041: =IF(ISNUMBER(SEARCH("SEPARA",UPPER(C3041))),"NÃO","SIM") | N3041: =IFERROR(H3041/K3041,0) | O3041: =IF(M3041="NÃO","EXCLUÍDO",IF(N3041<Premissas!$B$8,"< 1,00",IF(N3041<Premissas!$B$9,"1,00 – 1,19",IF(N3041<Premissas!$B$10,"1,20 – 1,39",IF(N3041<Premissas!$B$11,"1,40 – 1,59",IF(N3041<Premissas!$B$12,"1,60 – 1,99","≥ 2,00")))))) | P3041: =IF(OR(M3041="NÃO",N3041<Premissas!$B$8),Premissas!$B$13,IF(N3041<Premissas!$B$9,Premissas!$B$14,IF(N3041<Premissas!$B$10,Premissas!$B$15,IF(N3041<Premissas!$B$11,Premissas!$B$16,IF(N3041<Premissas!$B$12,Premissas!$B$17,Premissas!$B$18))))) | Q3041: =IFERROR(P3041/Premissas!$B$4,0)
A3042: 8 | B3042: 1965 | C3042: CARREGAMENTO | D3042: 5122490 | E3042: Luciano Silva Lopes | F3042: 1980 | G3042: 55.45 | H3042: 36 | I3042: 0 | J3042: GPA | K3042: =IF(I3042<>"",I3042,IFERROR(INDEX(Base!$I:$I,MATCH(1,(Base!$C:$C=C3042)*(Base!$I:$I<>""),0)),0)) | L3042: =IF(AND(I3042="",K3042>0),"SIM","NÃO") | M3042: =IF(ISNUMBER(SEARCH("SEPARA",UPPER(C3042))),"NÃO","SIM") | N3042: =IFERROR(H3042/K3042,0) | O3042: =IF(M3042="NÃO","EXCLUÍDO",IF(N3042<Premissas!$B$8,"< 1,00",IF(N3042<Premissas!$B$9,"1,00 – 1,19",IF(N3042<Premissas!$B$10,"1,20 – 1,39",IF(N3042<Premissas!$B$11,"1,40 – 1,59",IF(N3042<Premissas!$B$12,"1,60 – 1,99","≥ 2,00")))))) | P3042: =IF(OR(M3042="NÃO",N3042<Premissas!$B$8),Premissas!$B$13,IF(N3042<Premissas!$B$9,Premissas!$B$14,IF(N3042<Premissas!$B$10,Premissas!$B$15,IF(N3042<Premissas!$B$11,Premissas!$B$16,IF(N3042<Premissas!$B$12,Premissas!$B$17,Premissas!$B$18))))) | Q3042: =IFERROR(P3042/Premissas!$B$4,0)
A3043: 8 | B3043: 1965 | C3043: PUXADA RECEB | D3043: 5122490 | E3043: Luciano Silva Lopes | F3043: 2 | G3043: 0.58 | H3043: 3 | I3043: 0 | J3043: GPA | K3043: =IF(I3043<>"",I3043,IFERROR(INDEX(Base!$I:$I,MATCH(1,(Base!$C:$C=C3043)*(Base!$I:$I<>""),0)),0)) | L3043: =IF(AND(I3043="",K3043>0),"SIM","NÃO") | M3043: =IF(ISNUMBER(SEARCH("SEPARA",UPPER(C3043))),"NÃO","SIM") | N3043: =IFERROR(H3043/K3043,0) | O3043: =IF(M3043="NÃO","EXCLUÍDO",IF(N3043<Premissas!$B$8,"< 1,00",IF(N3043<Premissas!$B$9,"1,00 – 1,19",IF(N3043<Premissas!$B$10,"1,20 – 1,39",IF(N3043<Premissas!$B$11,"1,40 – 1,59",IF(N3043<Premissas!$B$12,"1,60 – 1,99","≥ 2,00")))))) | P3043: =IF(OR(M3043="NÃO",N3043<Premissas!$B$8),Premissas!$B$13,IF(N3043<Premissas!$B$9,Premissas!$B$14,IF(N3043<Premissas!$B$10,Premissas!$B$15,IF(N3043<Premissas!$B$11,Premissas!$B$16,IF(N3043<Premissas!$B$12,Premissas!$B$17,Premissas!$B$18))))) | Q3043: =IFERROR(P3043/Premissas!$B$4,0)
A3044: 8 | B3044: 1965 | C3044: PUXADA RECEB | D3044: 5128552 | E3044: Vinicius Azevedo Do Carmo | F3044: 100 | G3044: 103.74 | H3044: 1 | I3044: 0 | J3044: GPA | K3044: =IF(I3044<>"",I3044,IFERROR(INDEX(Base!$I:$I,MATCH(1,(Base!$C:$C=C3044)*(Base!$I:$I<>""),0)),0)) | L3044: =IF(AND(I3044="",K3044>0),"SIM","NÃO") | M3044: =IF(ISNUMBER(SEARCH("SEPARA",UPPER(C3044))),"NÃO","SIM") | N3044: =IFERROR(H3044/K3044,0) | O3044: =IF(M3044="NÃO","EXCLUÍDO",IF(N3044<Premissas!$B$8,"< 1,00",IF(N3044<Premissas!$B$9,"1,00 – 1,19",IF(N3044<Premissas!$B$10,"1,20 – 1,39",IF(N3044<Premissas!$B$11,"1,40 – 1,59",IF(N3044<Premissas!$B$12,"1,60 – 1,99","≥ 2,00")))))) | P3044: =IF(OR(M3044="NÃO",N3044<Premissas!$B$8),Premissas!$B$13,IF(N3044<Premissas!$B$9,Premissas!$B$14,IF(N3044<Premissas!$B$10,Premissas!$B$15,IF(N3044<Premissas!$B$11,Premissas!$B$16,IF(N3044<Premissas!$B$12,Premissas!$B$17,Premissas!$B$18))))) | Q3044: =IFERROR(P3044/Premissas!$B$4,0)
A3045: 8 | B3045: 1965 | C3045: ATIVIDADE OP. EMP. | D3045: 513395 | E3045: Uberlandia De Lima E Silva | F3045: 1053 | G3045: 176.92 | H3045: 6 | I3045: 0 | J3045: GPA | K3045: =IF(I3045<>"",I3045,IFERROR(INDEX(Base!$I:$I,MATCH(1,(Base!$C:$C=C3045)*(Base!$I:$I<>""),0)),0)) | L3045: =IF(AND(I3045="",K3045>0),"SIM","NÃO") | M3045: =IF(ISNUMBER(SEARCH("SEPARA",UPPER(C3045))),"NÃO","SIM") | N3045: =IFERROR(H3045/K3045,0) | O3045: =IF(M3045="NÃO","EXCLUÍDO",IF(N3045<Premissas!$B$8,"< 1,00",IF(N3045<Premissas!$B$9,"1,00 – 1,19",IF(N3045<Premissas!$B$10,"1,20 – 1,39",IF(N3045<Premissas!$B$11,"1,40 – 1,59",IF(N3045<Premissas!$B$12,"1,60 – 1,99","≥ 2,00")))))) | P3045: =IF(OR(M3045="NÃO",N3045<Premissas!$B$8),Premissas!$B$13,IF(N3045<Premissas!$B$9,Premissas!$B$14,IF(N3045<Premissas!$B$10,Premissas!$B$15,IF(N3045<Premissas!$B$11,Premissas!$B$16,IF(N3045<Premissas!$B$12,Premissas!$B$17,Premissas!$B$18))))) | Q3045: =IFERROR(P3045/Premissas!$B$4,0)
A3046: 8 | B3046: 1965 | C3046: CARREGAMENTO | D3046: 5144280 | E3046: Tiago Farias Da Costa | F3046: 206 | G3046: 34.29 | H3046: 6 | I3046: 0 | J3046: GPA | K3046: =IF(I3046<>"",I3046,IFERROR(INDEX(Base!$I:$I,MATCH(1,(Base!$C:$C=C3046)*(Base!$I:$I<>""),0)),0)) | L3046: =IF(AND(I3046="",K3046>0),"SIM","NÃO") | M3046: =IF(ISNUMBER(SEARCH("SEPARA",UPPER(C3046))),"NÃO","SIM") | N3046: =IFERROR(H3046/K3046,0) | O3046: =IF(M3046="NÃO","EXCLUÍDO",IF(N3046<Premissas!$B$8,"< 1,00",IF(N3046<Premissas!$B$9,"1,00 – 1,19",IF(N3046<Premissas!$B$10,"1,20 – 1,39",IF(N3046<Premissas!$B$11,"1,40 – 1,59",IF(N3046<Premissas!$B$12,"1,60 – 1,99","≥ 2,00")))))) | P3046: =IF(OR(M3046="NÃO",N3046<Premissas!$B$8),Premissas!$B$13,IF(N3046<Premissas!$B$9,Premissas!$B$14,IF(N3046<Premissas!$B$10,Premissas!$B$15,IF(N3046<Premissas!$B$11,Premissas!$B$16,IF(N3046<Premissas!$B$12,Premissas!$B$17,Premissas!$B$18))))) | Q3046: =IFERROR(P3046/Premissas!$B$4,0)
A3047: 8 | B3047: 1965 | C3047: SEPARACAO | D3047: 5144280 | E3047: Tiago Farias Da Costa | F3047: 75 | G3047: 4.62 | H3047: 16 | J3047: GPA | K3047: =IF(I3047<>"",I3047,IFERROR(INDEX(Base!$I:$I,MATCH(1,(Base!$C:$C=C3047)*(Base!$I:$I<>""),0)),0)) | L3047: =IF(AND(I3047="",K3047>0),"SIM","NÃO") | M3047: =IF(ISNUMBER(SEARCH("SEPARA",UPPER(C3047))),"NÃO","SIM") | N3047: =IFERROR(H3047/K3047,0) | O3047: =IF(M3047="NÃO","EXCLUÍDO",IF(N3047<Premissas!$B$8,"< 1,00",IF(N3047<Premissas!$B$9,"1,00 – 1,19",IF(N3047<Premissas!$B$10,"1,20 – 1,39",IF(N3047<Premissas!$B$11,"1,40 – 1,59",IF(N3047<Premissas!$B$12,"1,60 – 1,99","≥ 2,00")))))) | P3047: =IF(OR(M3047="NÃO",N3047<Premissas!$B$8),Premissas!$B$13,IF(N3047<Premissas!$B$9,Premissas!$B$14,IF(N3047<Premissas!$B$10,Premissas!$B$15,IF(N3047<Premissas!$B$11,Premissas!$B$16,IF(N3047<Premissas!$B$12,Premissas!$B$17,Premissas!$B$18))))) | Q3047: =IFERROR(P3047/Premissas!$B$4,0)
A3048: 8 | B3048: 1965 | C3048: PUXADA RECEB | D3048: 5144485 | E3048: Ezequiel Teodoro Batista | F3048: 480 | G3048: 24.47 | H3048: 20 | I3048: 0 | J3048: GPA | K3048: =IF(I3048<>"",I3048,IFERROR(INDEX(Base!$I:$I,MATCH(1,(Base!$C:$C=C3048)*(Base!$I:$I<>""),0)),0)) | L3048: =IF(AND(I3048="",K3048>0),"SIM","NÃO") | M3048: =IF(ISNUMBER(SEARCH("SEPARA",UPPER(C3048))),"NÃO","SIM") | N3048: =IFERROR(H3048/K3048,0) | O3048: =IF(M3048="NÃO","EXCLUÍDO",IF(N3048<Premissas!$B$8,"< 1,00",IF(N3048<Premissas!$B$9,"1,00 – 1,19",IF(N3048<Premissas!$B$10,"1,20 – 1,39",IF(N3048<Premissas!$B$11,"1,40 – 1,59",IF(N3048<Premissas!$B$12,"1,60 – 1,99","≥ 2,00")))))) | P3048: =IF(OR(M3048="NÃO",N3048<Premissas!$B$8),Premissas!$B$13,IF(N3048<Premissas!$B$9,Premissas!$B$14,IF(N3048<Premissas!$B$10,Premissas!$B$15,IF(N3048<Premissas!$B$11,Premissas!$B$16,IF(N3048<Premissas!$B$12,Premissas!$B$17,Premissas!$B$18))))) | Q3048: =IFERROR(P3048/Premissas!$B$4,0)
A3049: 8 | B3049: 1965 | C3049: PUXADA RECEB | D3049: 5209323 | E3049: ROBENILDO FRANCISCO DA SILVA | F3049: 7 | G3049: 8.23 | H3049: 1 | I3049: 0 | J3049: GPA | K3049: =IF(I3049<>"",I3049,IFERROR(INDEX(Base!$I:$I,MATCH(1,(Base!$C:$C=C3049)*(Base!$I:$I<>""),0)),0)) | L3049: =IF(AND(I3049="",K3049>0),"SIM","NÃO") | M3049: =IF(ISNUMBER(SEARCH("SEPARA",UPPER(C3049))),"NÃO","SIM") | N3049: =IFERROR(H3049/K3049,0) | O3049: =IF(M3049="NÃO","EXCLUÍDO",IF(N3049<Premissas!$B$8,"< 1,00",IF(N3049<Premissas!$B$9,"1,00 – 1,19",IF(N3049<Premissas!$B$10,"1,20 – 1,39",IF(N3049<Premissas!$B$11,"1,40 – 1,59",IF(N3049<Premissas!$B$12,"1,60 – 1,99","≥ 2,00")))))) | P3049: =IF(OR(M3049="NÃO",N3049<Premissas!$B$8),Premissas!$B$13,IF(N3049<Premissas!$B$9,Premissas!$B$14,IF(N3049<Premissas!$B$10,Premissas!$B$15,IF(N3049<Premissas!$B$11,Premissas!$B$16,IF(N3049<Premissas!$B$12,Premissas!$B$17,Premissas!$B$18))))) | Q3049: =IFERROR(P3049/Premissas!$B$4,0)
A3050: 8 | B3050: 1965 | C3050: RECEBIMENTO | D3050: 5209323 | E3050: ROBENILDO FRANCISCO DA SILVA | F3050: 7 | G3050: 8.71 | H3050: 1 | I3050: 0 | J3050: GPA | K3050: =IF(I3050<>"",I3050,IFERROR(INDEX(Base!$I:$I,MATCH(1,(Base!$C:$C=C3050)*(Base!$I:$I<>""),0)),0)) | L3050: =IF(AND(I3050="",K3050>0),"SIM","NÃO") | M3050: =IF(ISNUMBER(SEARCH("SEPARA",UPPER(C3050))),"NÃO","SIM") | N3050: =IFERROR(H3050/K3050,0) | O3050: =IF(M3050="NÃO","EXCLUÍDO",IF(N3050<Premissas!$B$8,"< 1,00",IF(N3050<Premissas!$B$9,"1,00 – 1,19",IF(N3050<Premissas!$B$10,"1,20 – 1,39",IF(N3050<Premissas!$B$11,"1,40 – 1,59",IF(N3050<Premissas!$B$12,"1,60 – 1,99","≥ 2,00")))))) | P3050: =IF(OR(M3050="NÃO",N3050<Premissas!$B$8),Premissas!$B$13,IF(N3050<Premissas!$B$9,Premissas!$B$14,IF(N3050<Premissas!$B$10,Premissas!$B$15,IF(N3050<Premissas!$B$11,Premissas!$B$16,IF(N3050<Premissas!$B$12,Premissas!$B$17,Premissas!$B$18))))) | Q3050: =IFERROR(P3050/Premissas!$B$4,0)
...

Sheet Consolidado_HC
A1: USUARIO | B1: COLABORADOR | C1: CD_PRINCIPAL | D1: ATIVIDADES | E1: N_REGISTROS | F1: MELHOR_FATOR | G1: FATOR_MEDIO | H1: QTD_TOTAL | I1: HORAS_TOTAL | J1: FAIXA | K1: VALOR_MENSAL | L1: VALOR_DIARIO | M1: NO_TETO
A2: 442042 | B2: Acacio Attilio Chieregatte Braga | C2: 409 | D2: =IFERROR(TEXTJOIN(" | ",TRUE,UNIQUE(FILTER(Detalhe_Registro!$C:$C,(Detalhe_Registro!$D:$D=A2)*(Detalhe_Registro!$E:$E=B2)*(Detalhe_Registro!$M:$M="SIM")))),"") | E2: =COUNTIFS(Detalhe_Registro!$D:$D,A2,Detalhe_Registro!$E:$E,B2,Detalhe_Registro!$M:$M,"SIM") | F2: =IFERROR(MAXIFS(Detalhe_Registro!$N:$N,Detalhe_Registro!$D:$D,A2,Detalhe_Registro!$E:$E,B2,Detalhe_Registro!$M:$M,"SIM"),0) | G2: =IFERROR(AVERAGEIFS(Detalhe_Registro!$N:$N,Detalhe_Registro!$D:$D,A2,Detalhe_Registro!$E:$E,B2,Detalhe_Registro!$M:$M,"SIM"),0) | H2: =SUMIFS(Detalhe_Registro!$F:$F,Detalhe_Registro!$D:$D,A2,Detalhe_Registro!$E:$E,B2,Detalhe_Registro!$M:$M,"SIM") | I2: =SUMIFS(Detalhe_Registro!$G:$G,Detalhe_Registro!$D:$D,A2,Detalhe_Registro!$E:$E,B2,Detalhe_Registro!$M:$M,"SIM") | J2: =IF(F2<Premissas!$B$8,"< 1,00",IF(F2<Premissas!$B$9,"1,00 – 1,19",IF(F2<Premissas!$B$10,"1,20 – 1,39",IF(F2<Premissas!$B$11,"1,40 – 1,59",IF(F2<Premissas!$B$12,"1,60 – 1,99","≥ 2,00"))))) | K2: =IF(F2<Premissas!$B$8,Premissas!$B$13,IF(F2<Premissas!$B$9,Premissas!$B$14,IF(F2<Premissas!$B$10,Premissas!$B$15,IF(F2<Premissas!$B$11,Premissas!$B$16,IF(F2<Premissas!$B$12,Premissas!$B$17,Premissas!$B$18))))) | L2: =K2/Premissas!$B$4 | M2: =IF(K2=Premissas!$B$18,"SIM","NÃO")
A3: 5800609 | B3: Adriano Brito De Sa Fernandes | C3: 409 | D3: =IFERROR(TEXTJOIN(" | ",TRUE,UNIQUE(FILTER(Detalhe_Registro!$C:$C,(Detalhe_Registro!$D:$D=A3)*(Detalhe_Registro!$E:$E=B3)*(Detalhe_Registro!$M:$M="SIM")))),"") | E3: =COUNTIFS(Detalhe_Registro!$D:$D,A3,Detalhe_Registro!$E:$E,B3,Detalhe_Registro!$M:$M,"SIM") | F3: =IFERROR(MAXIFS(Detalhe_Registro!$N:$N,Detalhe_Registro!$D:$D,A3,Detalhe_Registro!$E:$E,B3,Detalhe_Registro!$M:$M,"SIM"),0) | G3: =IFERROR(AVERAGEIFS(Detalhe_Registro!$N:$N,Detalhe_Registro!$D:$D,A3,Detalhe_Registro!$E:$E,B3,Detalhe_Registro!$M:$M,"SIM"),0) | H3: =SUMIFS(Detalhe_Registro!$F:$F,Detalhe_Registro!$D:$D,A3,Detalhe_Registro!$E:$E,B3,Detalhe_Registro!$M:$M,"SIM") | I3: =SUMIFS(Detalhe_Registro!$G:$G,Detalhe_Registro!$D:$D,A3,Detalhe_Registro!$E:$E,B3,Detalhe_Registro!$M:$M,"SIM") | J3: =IF(F3<Premissas!$B$8,"< 1,00",IF(F3<Premissas!$B$9,"1,00 – 1,19",IF(F3<Premissas!$B$10,"1,20 – 1,39",IF(F3<Premissas!$B$11,"1,40 – 1,59",IF(F3<Premissas!$B$12,"1,60 – 1,99","≥ 2,00"))))) | K3: =IF(F3<Premissas!$B$8,Premissas!$B$13,IF(F3<Premissas!$B$9,Premissas!$B$14,IF(F3<Premissas!$B$10,Premissas!$B$15,IF(F3<Premissas!$B$11,Premissas!$B$16,IF(F3<Premissas!$B$12,Premissas!$B$17,Premissas!$B$18))))) | L3: =K3/Premissas!$B$4 | M3: =IF(K3=Premissas!$B$18,"SIM","NÃO")
A4: 5800609 | B4: Adriano Brito De Sa Fernandes | C4: 409 | D4: =IFERROR(TEXTJOIN(" | ",TRUE,UNIQUE(FILTER(Detalhe_Registro!$C:$C,(Detalhe_Registro!$D:$D=A4)*(Detalhe_Registro!$E:$E=B4)*(Detalhe_Registro!$M:$M="SIM")))),"") | E4: =COUNTIFS(Detalhe_Registro!$D:$D,A4,Detalhe_Registro!$E:$E,B4,Detalhe_Registro!$M:$M,"SIM") | F4: =IFERROR(MAXIFS(Detalhe_Registro!$N:$N,Detalhe_Registro!$D:$D,A4,Detalhe_Registro!$E:$E,B4,Detalhe_Registro!$M:$M,"SIM"),0) | G4: =IFERROR(AVERAGEIFS(Detalhe_Registro!$N:$N,Detalhe_Registro!$D:$D,A4,Detalhe_Registro!$E:$E,B4,Detalhe_Registro!$M:$M,"SIM"),0) | H4: =SUMIFS(Detalhe_Registro!$F:$F,Detalhe_Registro!$D:$D,A4,Detalhe_Registro!$E:$E,B4,Detalhe_Registro!$M:$M,"SIM") | I4: =SUMIFS(Detalhe_Registro!$G:$G,Detalhe_Registro!$D:$D,A4,Detalhe_Registro!$E:$E,B4,Detalhe_Registro!$M:$M,"SIM") | J4: =IF(F4<Premissas!$B$8,"< 1,00",IF(F4<Premissas!$B$9,"1,00 – 1,19",IF(F4<Premissas!$B$10,"1,20 – 1,39",IF(F4<Premissas!$B$11,"1,40 – 1,59",IF(F4<Premissas!$B$12,"1,60 – 1,99","≥ 2,00"))))) | K4: =IF(F4<Premissas!$B$8,Premissas!$B$13,IF(F4<Premissas!$B$9,Premissas!$B$14,IF(F4<Premissas!$B$10,Premissas!$B$15,IF(F4<Premissas!$B$11,Premissas!$B$16,IF(F4<Premissas!$B$12,Premissas!$B$17,Premissas!$B$18))))) | L4: =K4/Premissas!$B$4 | M4: =IF(K4=Premissas!$B$18,"SIM","NÃO")
A5: 5802040 | B5: Adriano Da Luz Maria | C5: 409 | D5: =IFERROR(TEXTJOIN(" | ",TRUE,UNIQUE(FILTER(Detalhe_Registro!$C:$C,(Detalhe_Registro!$D:$D=A5)*(Detalhe_Registro!$E:$E=B5)*(Detalhe_Registro!$M:$M="SIM")))),"") | E5: =COUNTIFS(Detalhe_Registro!$D:$D,A5,Detalhe_Registro!$E:$E,B5,Detalhe_Registro!$M:$M,"SIM") | F5: =IFERROR(MAXIFS(Detalhe_Registro!$N:$N,Detalhe_Registro!$D:$D,A5,Detalhe_Registro!$E:$E,B5,Detalhe_Registro!$M:$M,"SIM"),0) | G5: =IFERROR(AVERAGEIFS(Detalhe_Registro!$N:$N,Detalhe_Registro!$D:$D,A5,Detalhe_Registro!$E:$E,B5,Detalhe_Registro!$M:$M,"SIM"),0) | H5: =SUMIFS(Detalhe_Registro!$F:$F,Detalhe_Registro!$D:$D,A5,Detalhe_Registro!$E:$E,B5,Detalhe_Registro!$M:$M,"SIM") | I5: =SUMIFS(Detalhe_Registro!$G:$G,Detalhe_Registro!$D:$D,A5,Detalhe_Registro!$E:$E,B5,Detalhe_Registro!$M:$M,"SIM") | J5: =IF(F5<Premissas!$B$8,"< 1,00",IF(F5<Premissas!$B$9,"1,00 – 1,19",IF(F5<Premissas!$B$10,"1,20 – 1,39",IF(F5<Premissas!$B$11,"1,40 – 1,59",IF(F5<Premissas!$B$12,"1,60 – 1,99","≥ 2,00"))))) | K5: =IF(F5<Premissas!$B$8,Premissas!$B$13,IF(F5<Premissas!$B$9,Premissas!$B$14,IF(F5<Premissas!$B$10,Premissas!$B$15,IF(F5<Premissas!$B$11,Premissas!$B$16,IF(F5<Premissas!$B$12,Premissas!$B$17,Premissas!$B$18))))) | L5: =K5/Premissas!$B$4 | M5: =IF(K5=Premissas!$B$18,"SIM","NÃO")
A6: 5802040 | B6: Adriano Da Luz Maria | C6: 409 | D6: =IFERROR(TEXTJOIN(" | ",TRUE,UNIQUE(FILTER(Detalhe_Registro!$C:$C,(Detalhe_Registro!$D:$D=A6)*(Detalhe_Registro!$E:$E=B6)*(Detalhe_Registro!$M:$M="SIM")))),"") | E6: =COUNTIFS(Detalhe_Registro!$D:$D,A6,Detalhe_Registro!$E:$E,B6,Detalhe_Registro!$M:$M,"SIM") | F6: =IFERROR(MAXIFS(Detalhe_Registro!$N:$N,Detalhe_Registro!$D:$D,A6,Detalhe_Registro!$E:$E,B6,Detalhe_Registro!$M:$M,"SIM"),0) | G6: =IFERROR(AVERAGEIFS(Detalhe_Registro!$N:$N,Detalhe_Registro!$D:$D,A6,Detalhe_Registro!$E:$E,B6,Detalhe_Registro!$M:$M,"SIM"),0) | H6: =SUMIFS(Detalhe_Registro!$F:$F,Detalhe_Registro!$D:$D,A6,Detalhe_Registro!$E:$E,B6,Detalhe_Registro!$M:$M,"SIM") | I6: =SUMIFS(Detalhe_Registro!$G:$G,Detalhe_Registro!$D:$D,A6,Detalhe_Registro!$E:$E,B6,Detalhe_Registro!$M:$M,"SIM") | J6: =IF(F6<Premissas!$B$8,"< 1,00",IF(F6<Premissas!$B$9,"1,00 – 1,19",IF(F6<Premissas!$B$10,"1,20 – 1,39",IF(F6<Premissas!$B$11,"1,40 – 1,59",IF(F6<Premissas!$B$12,"1,60 – 1,99","≥ 2,00"))))) | K6: =IF(F6<Premissas!$B$8,Premissas!$B$13,IF(F6<Premissas!$B$9,Premissas!$B$14,IF(F6<Premissas!$B$10,Premissas!$B$15,IF(F6<Premissas!$B$11,Premissas!$B$16,IF(F6<Premissas!$B$12,Premissas!$B$17,Premissas!$B$18))))) | L6: =K6/Premissas!$B$4 | M6: =IF(K6=Premissas!$B$18,"SIM","NÃO")
A7: 5464285 | B7: Adriano Monteiro Da Silva | C7: 409 | D7: =IFERROR(TEXTJOIN(" | ",TRUE,UNIQUE(FILTER(Detalhe_Registro!$C:$C,(Detalhe_Registro!$D:$D=A7)*(Detalhe_Registro!$E:$E=B7)*(Detalhe_Registro!$M:$M="SIM")))),"") | E7: =COUNTIFS(Detalhe_Registro!$D:$D,A7,Detalhe_Registro!$E:$E,B7,Detalhe_Registro!$M:$M,"SIM") | F7: =IFERROR(MAXIFS(Detalhe_Registro!$N:$N,Detalhe_Registro!$D:$D,A7,Detalhe_Registro!$E:$E,B7,Detalhe_Registro!$M:$M,"SIM"),0) | G7: =IFERROR(AVERAGEIFS(Detalhe_Registro!$N:$N,Detalhe_Registro!$D:$D,A7,Detalhe_Registro!$E:$E,B7,Detalhe_Registro!$M:$M,"SIM"),0) | H7: =SUMIFS(Detalhe_Registro!$F:$F,Detalhe_Registro!$D:$D,A7,Detalhe_Registro!$E:$E,B7,Detalhe_Registro!$M:$M,"SIM") | I7: =SUMIFS(Detalhe_Registro!$G:$G,Detalhe_Registro!$D:$D,A7,Detalhe_Registro!$E:$E,B7,Detalhe_Registro!$M:$M,"SIM") | J7: =IF(F7<Premissas!$B$8,"< 1,00",IF(F7<Premissas!$B$9,"1,00 – 1,19",IF(F7<Premissas!$B$10,"1,20 – 1,39",IF(F7<Premissas!$B$11,"1,40 – 1,59",IF(F7<Premissas!$B$12,"1,60 – 1,99","≥ 2,00"))))) | K7: =IF(F7<Premissas!$B$8,Premissas!$B$13,IF(F7<Premissas!$B$9,Premissas!$B$14,IF(F7<Premissas!$B$10,Premissas!$B$15,IF(F7<Premissas!$B$11,Premissas!$B$16,IF(F7<Premissas!$B$12,Premissas!$B$17,Premissas!$B$18))))) | L7: =K7/Premissas!$B$4 | M7: =IF(K7=Premissas!$B$18,"SIM","NÃO")
A8: 5464285 | B8: Adriano Monteiro Da Silva | C8: 409 | D8: =IFERROR(TEXTJOIN(" | ",TRUE,UNIQUE(FILTER(Detalhe_Registro!$C:$C,(Detalhe_Registro!$D:$D=A8)*(Detalhe_Registro!$E:$E=B8)*(Detalhe_Registro!$M:$M="SIM")))),"") | E8: =COUNTIFS(Detalhe_Registro!$D:$D,A8,Detalhe_Registro!$E:$E,B8,Detalhe_Registro!$M:$M,"SIM") | F8: =IFERROR(MAXIFS(Detalhe_Registro!$N:$N,Detalhe_Registro!$D:$D,A8,Detalhe_Registro!$E:$E,B8,Detalhe_Registro!$M:$M,"SIM"),0) | G8: =IFERROR(AVERAGEIFS(Detalhe_Registro!$N:$N,Detalhe_Registro!$D:$D,A8,Detalhe_Registro!$E:$E,B8,Detalhe_Registro!$M:$M,"SIM"),0) | H8: =SUMIFS(Detalhe_Registro!$F:$F,Detalhe_Registro!$D:$D,A8,Detalhe_Registro!$E:$E,B8,Detalhe_Registro!$M:$M,"SIM") | I8: =SUMIFS(Detalhe_Registro!$G:$G,Detalhe_Registro!$D:$D,A8,Detalhe_Registro!$E:$E,B8,Detalhe_Registro!$M:$M,"SIM") | J8: =IF(F8<Premissas!$B$8,"< 1,00",IF(F8<Premissas!$B$9,"1,00 – 1,19",IF(F8<Premissas!$B$10,"1,20 – 1,39",IF(F8<Premissas!$B$11,"1,40 – 1,59",IF(F8<Premissas!$B$12,"1,60 – 1,99","≥ 2,00"))))) | K8: =IF(F8<Premissas!$B$8,Premissas!$B$13,IF(F8<Premissas!$B$9,Premissas!$B$14,IF(F8<Premissas!$B$10,Premissas!$B$15,IF(F8<Premissas!$B$11,Premissas!$B$16,IF(F8<Premissas!$B$12,Premissas!$B$17,Premissas!$B$18))))) | L8: =K8/Premissas!$B$4 | M8: =IF(K8=Premissas!$B$18,"SIM","NÃO")
A9: 5446082 | B9: Aleandro Oliveira Da Silva | C9: 409 | D9: =IFERROR(TEXTJOIN(" | ",TRUE,UNIQUE(FILTER(Detalhe_Registro!$C:$C,(Detalhe_Registro!$D:$D=A9)*(Detalhe_Registro!$E:$E=B9)*(Detalhe_Registro!$M:$M="SIM")))),"") | E9: =COUNTIFS(Detalhe_Registro!$D:$D,A9,Detalhe_Registro!$E:$E,B9,Detalhe_Registro!$M:$M,"SIM") | F9: =IFERROR(MAXIFS(Detalhe_Registro!$N:$N,Detalhe_Registro!$D:$D,A9,Detalhe_Registro!$E:$E,B9,Detalhe_Registro!$M:$M,"SIM"),0) | G9: =IFERROR(AVERAGEIFS(Detalhe_Registro!$N:$N,Detalhe_Registro!$D:$D,A9,Detalhe_Registro!$E:$E,B9,Detalhe_Registro!$M:$M,"SIM"),0) | H9: =SUMIFS(Detalhe_Registro!$F:$F,Detalhe_Registro!$D:$D,A9,Detalhe_Registro!$E:$E,B9,Detalhe_Registro!$M:$M,"SIM") | I9: =SUMIFS(Detalhe_Registro!$G:$G,Detalhe_Registro!$D:$D,A9,Detalhe_Registro!$E:$E,B9,Detalhe_Registro!$M:$M,"SIM") | J9: =IF(F9<Premissas!$B$8,"< 1,00",IF(F9<Premissas!$B$9,"1,00 – 1,19",IF(F9<Premissas!$B$10,"1,20 – 1,39",IF(F9<Premissas!$B$11,"1,40 – 1,59",IF(F9<Premissas!$B$12,"1,60 – 1,99","≥ 2,00"))))) | K9: =IF(F9<Premissas!$B$8,Premissas!$B$13,IF(F9<Premissas!$B$9,Premissas!$B$14,IF(F9<Premissas!$B$10,Premissas!$B$15,IF(F9<Premissas!$B$11,Premissas!$B$16,IF(F9<Premissas!$B$12,Premissas!$B$17,Premissas!$B$18))))) | L9: =K9/Premissas!$B$4 | M9: =IF(K9=Premissas!$B$18,"SIM","NÃO")
A10: 5446082 | B10: Aleandro Oliveira Da Silva | C10: 409 | D10: =IFERROR(TEXTJOIN(" | ",TRUE,UNIQUE(FILTER(Detalhe_Registro!$C:$C,(Detalhe_Registro!$D:$D=A10)*(Detalhe_Registro!$E:$E=B10)*(Detalhe_Registro!$M:$M="SIM")))),"") | E10: =COUNTIFS(Detalhe_Registro!$D:$D,A10,Detalhe_Registro!$E:$E,B10,Detalhe_Registro!$M:$M,"SIM") | F10: =IFERROR(MAXIFS(Detalhe_Registro!$N:$N,Detalhe_Registro!$D:$D,A10,Detalhe_Registro!$E:$E,B10,Detalhe_Registro!$M:$M,"SIM"),0) | G10: =IFERROR(AVERAGEIFS(Detalhe_Registro!$N:$N,Detalhe_Registro!$D:$D,A10,Detalhe_Registro!$E:$E,B10,Detalhe_Registro!$M:$M,"SIM"),0) | H10: =SUMIFS(Detalhe_Registro!$F:$F,Detalhe_Registro!$D:$D,A10,Detalhe_Registro!$E:$E,B10,Detalhe_Registro!$M:$M,"SIM") | I10: =SUMIFS(Detalhe_Registro!$G:$G,Detalhe_Registro!$D:$D,A10,Detalhe_Registro!$E:$E,B10,Detalhe_Registro!$M:$M,"SIM") | J10: =IF(F10<Premissas!$B$8,"< 1,00",IF(F10<Premissas!$B$9,"1,00 – 1,19",IF(F10<Premissas!$B$10,"1,20 – 1,39",IF(F10<Premissas!$B$11,"1,40 – 1,59",IF(F10<Premissas!$B$12,"1,60 – 1,99","≥ 2,00"))))) | K10: =IF(F10<Premissas!$B$8,Premissas!$B$13,IF(F10<Premissas!$B$9,Premissas!$B$14,IF(F10<Premissas!$B$10,Premissas!$B$15,IF(F10<Premissas!$B$11,Premissas!$B$16,IF(F10<Premissas!$B$12,Premissas!$B$17,Premissas!$B$18))))) | L10: =K10/Premissas!$B$4 | M10: =IF(K10=Premissas!$B$18,"SIM","NÃO")
A11: 5809002 | B11: Alex De Oliveira Bomfim | C11: 409 | D11: =IFERROR(TEXTJOIN(" | ",TRUE,UNIQUE(FILTER(Detalhe_Registro!$C:$C,(Detalhe_Registro!$D:$D=A11)*(Detalhe_Registro!$E:$E=B11)*(Detalhe_Registro!$M:$M="SIM")))),"") | E11: =COUNTIFS(Detalhe_Registro!$D:$D,A11,Detalhe_Registro!$E:$E,B11,Detalhe_Registro!$M:$M,"SIM") | F11: =IFERROR(MAXIFS(Detalhe_Registro!$N:$N,Detalhe_Registro!$D:$D,A11,Detalhe_Registro!$E:$E,B11,Detalhe_Registro!$M:$M,"SIM"),0) | G11: =IFERROR(AVERAGEIFS(Detalhe_Registro!$N:$N,Detalhe_Registro!$D:$D,A11,Detalhe_Registro!$E:$E,B11,Detalhe_Registro!$M:$M,"SIM"),0) | H11: =SUMIFS(Detalhe_Registro!$F:$F,Detalhe_Registro!$D:$D,A11,Detalhe_Registro!$E:$E,B11,Detalhe_Registro!$M:$M,"SIM") | I11: =SUMIFS(Detalhe_Registro!$G:$G,Detalhe_Registro!$D:$D,A11,Detalhe_Registro!$E:$E,B11,Detalhe_Registro!$M:$M,"SIM") | J11: =IF(F11<Premissas!$B$8,"< 1,00",IF(F11<Premissas!$B$9,"1,00 – 1,19",IF(F11<Premissas!$B$10,"1,20 – 1,39",IF(F11<Premissas!$B$11,"1,40 – 1,59",IF(F11<Premissas!$B$12,"1,60 – 1,99","≥ 2,00"))))) | K11: =IF(F11<Premissas!$B$8,Premissas!$B$13,IF(F11<Premissas!$B$9,Premissas!$B$14,IF(F11<Premissas!$B$10,Premissas!$B$15,IF(F11<Premissas!$B$11,Premissas!$B$16,IF(F11<Premissas!$B$12,Premissas!$B$17,Premissas!$B$18))))) | L11: =K11/Premissas!$B$4 | M11: =IF(K11=Premissas!$B$18,"SIM","NÃO")
A12: 5809002 | B12: Alex De Oliveira Bomfim | C12: 409 | D12: =IFERROR(TEXTJOIN(" | ",TRUE,UNIQUE(FILTER(Detalhe_Registro!$C:$C,(Detalhe_Registro!$D:$D=A12)*(Detalhe_Registro!$E:$E=B12)*(Detalhe_Registro!$M:$M="SIM")))),"") | E12: =COUNTIFS(Detalhe_Registro!$D:$D,A12,Detalhe_Registro!$E:$E,B12,Detalhe_Registro!$M:$M,"SIM") | F12: =IFERROR(MAXIFS(Detalhe_Registro!$N:$N,Detalhe_Registro!$D:$D,A12,Detalhe_Registro!$E:$E,B12,Detalhe_Registro!$M:$M,"SIM"),0) | G12: =IFERROR(AVERAGEIFS(Detalhe_Registro!$N:$N,Detalhe_Registro!$D:$D,A12,Detalhe_Registro!$E:$E,B12,Detalhe_Registro!$M:$M,"SIM"),0) | H12: =SUMIFS(Detalhe_Registro!$F:$F,Detalhe_Registro!$D:$D,A12,Detalhe_Registro!$E:$E,B12,Detalhe_Registro!$M:$M,"SIM") | I12: =SUMIFS(Detalhe_Registro!$G:$G,Detalhe_Registro!$D:$D,A12,Detalhe_Registro!$E:$E,B12,Detalhe_Registro!$M:$M,"SIM") | J12: =IF(F12<Premissas!$B$8,"< 1,00",IF(F12<Premissas!$B$9,"1,00 – 1,19",IF(F12<Premissas!$B$10,"1,20 – 1,39",IF(F12<Premissas!$B$11,"1,40 – 1,59",IF(F12<Premissas!$B$12,"1,60 – 1,99","≥ 2,00"))))) | K12: =IF(F12<Premissas!$B$8,Premissas!$B$13,IF(F12<Premissas!$B$9,Premissas!$B$14,IF(F12<Premissas!$B$10,Premissas!$B$15,IF(F12<Premissas!$B$11,Premissas!$B$16,IF(F12<Premissas!$B$12,Premissas!$B$17,Premissas!$B$18))))) | L12: =K12/Premissas!$B$4 | M12: =IF(K12=Premissas!$B$18,"SIM","NÃO")
A13: 5449480 | B13: Alex Vasco Santos | C13: 409 | D13: =IFERROR(TEXTJOIN(" | ",TRUE,UNIQUE(FILTER(Detalhe_Registro!$C:$C,(Detalhe_Registro!$D:$D=A13)*(Detalhe_Registro!$E:$E=B13)*(Detalhe_Registro!$M:$M="SIM")))),"") | E13: =COUNTIFS(Detalhe_Registro!$D:$D,A13,Detalhe_Registro!$E:$E,B13,Detalhe_Registro!$M:$M,"SIM") | F13: =IFERROR(MAXIFS(Detalhe_Registro!$N:$N,Detalhe_Registro!$D:$D,A13,Detalhe_Registro!$E:$E,B13,Detalhe_Registro!$M:$M,"SIM"),0) | G13: =IFERROR(AVERAGEIFS(Detalhe_Registro!$N:$N,Detalhe_Registro!$D:$D,A13,Detalhe_Registro!$E:$E,B13,Detalhe_Registro!$M:$M,"SIM"),0) | H13: =SUMIFS(Detalhe_Registro!$F:$F,Detalhe_Registro!$D:$D,A13,Detalhe_Registro!$E:$E,B13,Detalhe_Registro!$M:$M,"SIM") | I13: =SUMIFS(Detalhe_Registro!$G:$G,Detalhe_Registro!$D:$D,A13,Detalhe_Registro!$E:$E,B13,Detalhe_Registro!$M:$M,"SIM") | J13: =IF(F13<Premissas!$B$8,"< 1,00",IF(F13<Premissas!$B$9,"1,00 – 1,19",IF(F13<Premissas!$B$10,"1,20 – 1,39",IF(F13<Premissas!$B$11,"1,40 – 1,59",IF(F13<Premissas!$B$12,"1,60 – 1,99","≥ 2,00"))))) | K13: =IF(F13<Premissas!$B$8,Premissas!$B$13,IF(F13<Premissas!$B$9,Premissas!$B$14,IF(F13<Premissas!$B$10,Premissas!$B$15,IF(F13<Premissas!$B$11,Premissas!$B$16,IF(F13<Premissas!$B$12,Premissas!$B$17,Premissas!$B$18))))) | L13: =K13/Premissas!$B$4 | M13: =IF(K13=Premissas!$B$18,"SIM","NÃO")
A14: 5449480 | B14: Alex Vasco Santos | C14: 409 | D14: =IFERROR(TEXTJOIN(" | ",TRUE,UNIQUE(FILTER(Detalhe_Registro!$C:$C,(Detalhe_Registro!$D:$D=A14)*(Detalhe_Registro!$E:$E=B14)*(Detalhe_Registro!$M:$M="SIM")))),"") | E14: =COUNTIFS(Detalhe_Registro!$D:$D,A14,Detalhe_Registro!$E:$E,B14,Detalhe_Registro!$M:$M,"SIM") | F14: =IFERROR(MAXIFS(Detalhe_Registro!$N:$N,Detalhe_Registro!$D:$D,A14,Detalhe_Registro!$E:$E,B14,Detalhe_Registro!$M:$M,"SIM"),0) | G14: =IFERROR(AVERAGEIFS(Detalhe_Registro!$N:$N,Detalhe_Registro!$D:$D,A14,Detalhe_Registro!$E:$E,B14,Detalhe_Registro!$M:$M,"SIM"),0) | H14: =SUMIFS(Detalhe_Registro!$F:$F,Detalhe_Registro!$D:$D,A14,Detalhe_Registro!$E:$E,B14,Detalhe_Registro!$M:$M,"SIM") | I14: =SUMIFS(Detalhe_Registro!$G:$G,Detalhe_Registro!$D:$D,A14,Detalhe_Registro!$E:$E,B14,Detalhe_Registro!$M:$M,"SIM") | J14: =IF(F14<Premissas!$B$8,"< 1,00",IF(F14<Premissas!$B$9,"1,00 – 1,19",IF(F14<Premissas!$B$10,"1,20 – 1,39",IF(F14<Premissas!$B$11,"1,40 – 1,59",IF(F14<Premissas!$B$12,"1,60 – 1,99","≥ 2,00"))))) | K14: =IF(F14<Premissas!$B$8,Premissas!$B$13,IF(F14<Premissas!$B$9,Premissas!$B$14,IF(F14<Premissas!$B$10,Premissas!$B$15,IF(F14<Premissas!$B$11,Premissas!$B$16,IF(F14<Premissas!$B$12,Premissas!$B$17,Premissas!$B$18))))) | L14: =K14/Premissas!$B$4 | M14: =IF(K14=Premissas!$B$18,"SIM","NÃO")
A15: 5637597 | B15: Alexander Alves Dos Santos | C15: 409 | D15: =IFERROR(TEXTJOIN(" | ",TRUE,UNIQUE(FILTER(Detalhe_Registro!$C:$C,(Detalhe_Registro!$D:$D=A15)*(Detalhe_Registro!$E:$E=B15)*(Detalhe_Registro!$M:$M="SIM")))),"") | E15: =COUNTIFS(Detalhe_Registro!$D:$D,A15,Detalhe_Registro!$E:$E,B15,Detalhe_Registro!$M:$M,"SIM") | F15: =IFERROR(MAXIFS(Detalhe_Registro!$N:$N,Detalhe_Registro!$D:$D,A15,Detalhe_Registro!$E:$E,B15,Detalhe_Registro!$M:$M,"SIM"),0) | G15: =IFERROR(AVERAGEIFS(Detalhe_Registro!$N:$N,Detalhe_Registro!$D:$D,A15,Detalhe_Registro!$E:$E,B15,Detalhe_Registro!$M:$M,"SIM"),0) | H15: =SUMIFS(Detalhe_Registro!$F:$F,Detalhe_Registro!$D:$D,A15,Detalhe_Registro!$E:$E,B15,Detalhe_Registro!$M:$M,"SIM") | I15: =SUMIFS(Detalhe_Registro!$G:$G,Detalhe_Registro!$D:$D,A15,Detalhe_Registro!$E:$E,B15,Detalhe_Registro!$M:$M,"SIM") | J15: =IF(F15<Premissas!$B$8,"< 1,00",IF(F15<Premissas!$B$9,"1,00 – 1,19",IF(F15<Premissas!$B$10,"1,20 – 1,39",IF(F15<Premissas!$B$11,"1,40 – 1,59",IF(F15<Premissas!$B$12,"1,60 – 1,99","≥ 2,00"))))) | K15: =IF(F15<Premissas!$B$8,Premissas!$B$13,IF(F15<Premissas!$B$9,Premissas!$B$14,IF(F15<Premissas!$B$10,Premissas!$B$15,IF(F15<Premissas!$B$11,Premissas!$B$16,IF(F15<Premissas!$B$12,Premissas!$B$17,Premissas!$B$18))))) | L15: =K15/Premissas!$B$4 | M15: =IF(K15=Premissas!$B$18,"SIM","NÃO")
A16: 5637597 | B16: Alexander Alves Dos Santos | C16: 409 | D16: =IFERROR(TEXTJOIN(" | ",TRUE,UNIQUE(FILTER(Detalhe_Registro!$C:$C,(Detalhe_Registro!$D:$D=A16)*(Detalhe_Registro!$E:$E=B16)*(Detalhe_Registro!$M:$M="SIM")))),"") | E16: =COUNTIFS(Detalhe_Registro!$D:$D,A16,Detalhe_Registro!$E:$E,B16,Detalhe_Registro!$M:$M,"SIM") | F16: =IFERROR(MAXIFS(Detalhe_Registro!$N:$N,Detalhe_Registro!$D:$D,A16,Detalhe_Registro!$E:$E,B16,Detalhe_Registro!$M:$M,"SIM"),0) | G16: =IFERROR(AVERAGEIFS(Detalhe_Registro!$N:$N,Detalhe_Registro!$D:$D,A16,Detalhe_Registro!$E:$E,B16,Detalhe_Registro!$M:$M,"SIM"),0) | H16: =SUMIFS(Detalhe_Registro!$F:$F,Detalhe_Registro!$D:$D,A16,Detalhe_Registro!$E:$E,B16,Detalhe_Registro!$M:$M,"SIM") | I16: =SUMIFS(Detalhe_Registro!$G:$G,Detalhe_Registro!$D:$D,A16,Detalhe_Registro!$E:$E,B16,Detalhe_Registro!$M:$M,"SIM") | J16: =IF(F16<Premissas!$B$8,"< 1,00",IF(F16<Premissas!$B$9,"1,00 – 1,19",IF(F16<Premissas!$B$10,"1,20 – 1,39",IF(F16<Premissas!$B$11,"1,40 – 1,59",IF(F16<Premissas!$B$12,"1,60 – 1,99","≥ 2,00"))))) | K16: =IF(F16<Premissas!$B$8,Premissas!$B$13,IF(F16<Premissas!$B$9,Premissas!$B$14,IF(F16<Premissas!$B$10,Premissas!$B$15,IF(F16<Premissas!$B$11,Premissas!$B$16,IF(F16<Premissas!$B$12,Premissas!$B$17,Premissas!$B$18))))) | L16: =K16/Premissas!$B$4 | M16: =IF(K16=Premissas!$B$18,"SIM","NÃO")
A17: 5451108 | B17: Alexandre Machado Tosca | C17: 409 | D17: =IFERROR(TEXTJOIN(" | ",TRUE,UNIQUE(FILTER(Detalhe_Registro!$C:$C,(Detalhe_Registro!$D:$D=A17)*(Detalhe_Registro!$E:$E=B17)*(Detalhe_Registro!$M:$M="SIM")))),"") | E17: =COUNTIFS(Detalhe_Registro!$D:$D,A17,Detalhe_Registro!$E:$E,B17,Detalhe_Registro!$M:$M,"SIM") | F17: =IFERROR(MAXIFS(Detalhe_Registro!$N:$N,Detalhe_Registro!$D:$D,A17,Detalhe_Registro!$E:$E,B17,Detalhe_Registro!$M:$M,"SIM"),0) | G17: =IFERROR(AVERAGEIFS(Detalhe_Registro!$N:$N,Detalhe_Registro!$D:$D,A17,Detalhe_Registro!$E:$E,B17,Detalhe_Registro!$M:$M,"SIM"),0) | H17: =SUMIFS(Detalhe_Registro!$F:$F,Detalhe_Registro!$D:$D,A17,Detalhe_Registro!$E:$E,B17,Detalhe_Registro!$M:$M,"SIM") | I17: =SUMIFS(Detalhe_Registro!$G:$G,Detalhe_Registro!$D:$D,A17,Detalhe_Registro!$E:$E,B17,Detalhe_Registro!$M:$M,"SIM") | J17: =IF(F17<Premissas!$B$8,"< 1,00",IF(F17<Premissas!$B$9,"1,00 – 1,19",IF(F17<Premissas!$B$10,"1,20 – 1,39",IF(F17<Premissas!$B$11,"1,40 – 1,59",IF(F17<Premissas!$B$12,"1,60 – 1,99","≥ 2,00"))))) | K17: =IF(F17<Premissas!$B$8,Premissas!$B$13,IF(F17<Premissas!$B$9,Premissas!$B$14,IF(F17<Premissas!$B$10,Premissas!$B$15,IF(F17<Premissas!$B$11,Premissas!$B$16,IF(F17<Premissas!$B$12,Premissas!$B$17,Premissas!$B$18))))) | L17: =K17/Premissas!$B$4 | M17: =IF(K17=Premissas!$B$18,"SIM","NÃO")
A18: 5449251 | B18: Alexandre Roberto Geraldo | C18: 409 | D18: =IFERROR(TEXTJOIN(" | ",TRUE,UNIQUE(FILTER(Detalhe_Registro!$C:$C,(Detalhe_Registro!$D:$D=A18)*(Detalhe_Registro!$E:$E=B18)*(Detalhe_Registro!$M:$M="SIM")))),"") | E18: =COUNTIFS(Detalhe_Registro!$D:$D,A18,Detalhe_Registro!$E:$E,B18,Detalhe_Registro!$M:$M,"SIM") | F18: =IFERROR(MAXIFS(Detalhe_Registro!$N:$N,Detalhe_Registro!$D:$D,A18,Detalhe_Registro!$E:$E,B18,Detalhe_Registro!$M:$M,"SIM"),0) | G18: =IFERROR(AVERAGEIFS(Detalhe_Registro!$N:$N,Detalhe_Registro!$D:$D,A18,Detalhe_Registro!$E:$E,B18,Detalhe_Registro!$M:$M,"SIM"),0) | H18: =SUMIFS(Detalhe_Registro!$F:$F,Detalhe_Registro!$D:$D,A18,Detalhe_Registro!$E:$E,B18,Detalhe_Registro!$M:$M,"SIM") | I18: =SUMIFS(Detalhe_Registro!$G:$G,Detalhe_Registro!$D:$D,A18,Detalhe_Registro!$E:$E,B18,Detalhe_Registro!$M:$M,"SIM") | J18: =IF(F18<Premissas!$B$8,"< 1,00",IF(F18<Premissas!$B$9,"1,00 – 1,19",IF(F18<Premissas!$B$10,"1,20 – 1,39",IF(F18<Premissas!$B$11,"1,40 – 1,59",IF(F18<Premissas!$B$12,"1,60 – 1,99","≥ 2,00"))))) | K18: =IF(F18<Premissas!$B$8,Premissas!$B$13,IF(F18<Premissas!$B$9,Premissas!$B$14,IF(F18<Premissas!$B$10,Premissas!$B$15,IF(F18<Premissas!$B$11,Premissas!$B$16,IF(F18<Premissas!$B$12,Premissas!$B$17,Premissas!$B$18))))) | L18: =K18/Premissas!$B$4 | M18: =IF(K18=Premissas!$B$18,"SIM","NÃO")
A19: 5449251 | B19: Alexandre Roberto Geraldo | C19: 409 | D19: =IFERROR(TEXTJOIN(" | ",TRUE,UNIQUE(FILTER(Detalhe_Registro!$C:$C,(Detalhe_Registro!$D:$D=A19)*(Detalhe_Registro!$E:$E=B19)*(Detalhe_Registro!$M:$M="SIM")))),"") | E19: =COUNTIFS(Detalhe_Registro!$D:$D,A19,Detalhe_Registro!$E:$E,B19,Detalhe_Registro!$M:$M,"SIM") | F19: =IFERROR(MAXIFS(Detalhe_Registro!$N:$N,Detalhe_Registro!$D:$D,A19,Detalhe_Registro!$E:$E,B19,Detalhe_Registro!$M:$M,"SIM"),0) | G19: =IFERROR(AVERAGEIFS(Detalhe_Registro!$N:$N,Detalhe_Registro!$D:$D,A19,Detalhe_Registro!$E:$E,B19,Detalhe_Registro!$M:$M,"SIM"),0) | H19: =SUMIFS(Detalhe_Registro!$F:$F,Detalhe_Registro!$D:$D,A19,Detalhe_Registro!$E:$E,B19,Detalhe_Registro!$M:$M,"SIM") | I19: =SUMIFS(Detalhe_Registro!$G:$G,Detalhe_Registro!$D:$D,A19,Detalhe_Registro!$E:$E,B19,Detalhe_Registro!$M:$M,"SIM") | J19: =IF(F19<Premissas!$B$8,"< 1,00",IF(F19<Premissas!$B$9,"1,00 – 1,19",IF(F19<Premissas!$B$10,"1,20 – 1,39",IF(F19<Premissas!$B$11,"1,40 – 1,59",IF(F19<Premissas!$B$12,"1,60 – 1,99","≥ 2,00"))))) | K19: =IF(F19<Premissas!$B$8,Premissas!$B$13,IF(F19<Premissas!$B$9,Premissas!$B$14,IF(F19<Premissas!$B$10,Premissas!$B$15,IF(F19<Premissas!$B$11,Premissas!$B$16,IF(F19<Premissas!$B$12,Premissas!$B$17,Premissas!$B$18))))) | L19: =K19/Premissas!$B$4 | M19: =IF(K19=Premissas!$B$18,"SIM","NÃO")
A20: 5040612 | B20: Alexsandro Mois? dos Santos | C20: 409 | D20: =IFERROR(TEXTJOIN(" | ",TRUE,UNIQUE(FILTER(Detalhe_Registro!$C:$C,(Detalhe_Registro!$D:$D=A20)*(Detalhe_Registro!$E:$E=B20)*(Detalhe_Registro!$M:$M="SIM")))),"") | E20: =COUNTIFS(Detalhe_Registro!$D:$D,A20,Detalhe_Registro!$E:$E,B20,Detalhe_Registro!$M:$M,"SIM") | F20: =IFERROR(MAXIFS(Detalhe_Registro!$N:$N,Detalhe_Registro!$D:$D,A20,Detalhe_Registro!$E:$E,B20,Detalhe_Registro!$M:$M,"SIM"),0) | G20: =IFERROR(AVERAGEIFS(Detalhe_Registro!$N:$N,Detalhe_Registro!$D:$D,A20,Detalhe_Registro!$E:$E,B20,Detalhe_Registro!$M:$M,"SIM"),0) | H20: =SUMIFS(Detalhe_Registro!$F:$F,Detalhe_Registro!$D:$D,A20,Detalhe_Registro!$E:$E,B20,Detalhe_Registro!$M:$M,"SIM") | I20: =SUMIFS(Detalhe_Registro!$G:$G,Detalhe_Registro!$D:$D,A20,Detalhe_Registro!$E:$E,B20,Detalhe_Registro!$M:$M,"SIM") | J20: =IF(F20<Premissas!$B$8,"< 1,00",IF(F20<Premissas!$B$9,"1,00 – 1,19",IF(F20<Premissas!$B$10,"1,20 – 1,39",IF(F20<Premissas!$B$11,"1,40 – 1,59",IF(F20<Premissas!$B$12,"1,60 – 1,99","≥ 2,00"))))) | K20: =IF(F20<Premissas!$B$8,Premissas!$B$13,IF(F20<Premissas!$B$9,Premissas!$B$14,IF(F20<Premissas!$B$10,Premissas!$B$15,IF(F20<Premissas!$B$11,Premissas!$B$16,IF(F20<Premissas!$B$12,Premissas!$B$17,Premissas!$B$18))))) | L20: =K20/Premissas!$B$4 | M20: =IF(K20=Premissas!$B$18,"SIM","NÃO")
A21: 5040612 | B21: Alexsandro Mois? dos Santos | C21: 409 | D21: =IFERROR(TEXTJOIN(" | ",TRUE,UNIQUE(FILTER(Detalhe_Registro!$C:$C,(Detalhe_Registro!$D:$D=A21)*(Detalhe_Registro!$E:$E=B21)*(Detalhe_Registro!$M:$M="SIM")))),"") | E21: =COUNTIFS(Detalhe_Registro!$D:$D,A21,Detalhe_Registro!$E:$E,B21,Detalhe_Registro!$M:$M,"SIM") | F21: =IFERROR(MAXIFS(Detalhe_Registro!$N:$N,Detalhe_Registro!$D:$D,A21,Detalhe_Registro!$E:$E,B21,Detalhe_Registro!$M:$M,"SIM"),0) | G21: =IFERROR(AVERAGEIFS(Detalhe_Registro!$N:$N,Detalhe_Registro!$D:$D,A21,Detalhe_Registro!$E:$E,B21,Detalhe_Registro!$M:$M,"SIM"),0) | H21: =SUMIFS(Detalhe_Registro!$F:$F,Detalhe_Registro!$D:$D,A21,Detalhe_Registro!$E:$E,B21,Detalhe_Registro!$M:$M,"SIM") | I21: =SUMIFS(Detalhe_Registro!$G:$G,Detalhe_Registro!$D:$D,A21,Detalhe_Registro!$E:$E,B21,Detalhe_Registro!$M:$M,"SIM") | J21: =IF(F21<Premissas!$B$8,"< 1,00",IF(F21<Premissas!$B$9,"1,00 – 1,19",IF(F21<Premissas!$B$10,"1,20 – 1,39",IF(F21<Premissas!$B$11,"1,40 – 1,59",IF(F21<Premissas!$B$12,"1,60 – 1,99","≥ 2,00"))))) | K21: =IF(F21<Premissas!$B$8,Premissas!$B$13,IF(F21<Premissas!$B$9,Premissas!$B$14,IF(F21<Premissas!$B$10,Premissas!$B$15,IF(F21<Premissas!$B$11,Premissas!$B$16,IF(F21<Premissas!$B$12,Premissas!$B$17,Premissas!$B$18))))) | L21: =K21/Premissas!$B$4 | M21: =IF(K21=Premissas!$B$18,"SIM","NÃO")
A22: 5978602 | B22: Alexsandro Silva Martins | C22: 409 | D22: =IFERROR(TEXTJOIN(" | ",TRUE,UNIQUE(FILTER(Detalhe_Registro!$C:$C,(Detalhe_Registro!$D:$D=A22)*(Detalhe_Registro!$E:$E=B22)*(Detalhe_Registro!$M:$M="SIM")))),"") | E22: =COUNTIFS(Detalhe_Registro!$D:$D,A22,Detalhe_Registro!$E:$E,B22,Detalhe_Registro!$M:$M,"SIM") | F22: =IFERROR(MAXIFS(Detalhe_Registro!$N:$N,Detalhe_Registro!$D:$D,A22,Detalhe_Registro!$E:$E,B22,Detalhe_Registro!$M:$M,"SIM"),0) | G22: =IFERROR(AVERAGEIFS(Detalhe_Registro!$N:$N,Detalhe_Registro!$D:$D,A22,Detalhe_Registro!$E:$E,B22,Detalhe_Registro!$M:$M,"SIM"),0) | H22: =SUMIFS(Detalhe_Registro!$F:$F,Detalhe_Registro!$D:$D,A22,Detalhe_Registro!$E:$E,B22,Detalhe_Registro!$M:$M,"SIM") | I22: =SUMIFS(Detalhe_Registro!$G:$G,Detalhe_Registro!$D:$D,A22,Detalhe_Registro!$E:$E,B22,Detalhe_Registro!$M:$M,"SIM") | J22: =IF(F22<Premissas!$B$8,"< 1,00",IF(F22<Premissas!$B$9,"1,00 – 1,19",IF(F22<Premissas!$B$10,"1,20 – 1,39",IF(F22<Premissas!$B$11,"1,40 – 1,59",IF(F22<Premissas!$B$12,"1,60 – 1,99","≥ 2,00"))))) | K22: =IF(F22<Premissas!$B$8,Premissas!$B$13,IF(F22<Premissas!$B$9,Premissas!$B$14,IF(F22<Premissas!$B$10,Premissas!$B$15,IF(F22<Premissas!$B$11,Premissas!$B$16,IF(F22<Premissas!$B$12,Premissas!$B$17,Premissas!$B$18))))) | L22: =K22/Premissas!$B$4 | M22: =IF(K22=Premissas!$B$18,"SIM","NÃO")
A23: 5978602 | B23: Alexsandro Silva Martins | C23: 409 | D23: =IFERROR(TEXTJOIN(" | ",TRUE,UNIQUE(FILTER(Detalhe_Registro!$C:$C,(Detalhe_Registro!$D:$D=A23)*(Detalhe_Registro!$E:$E=B23)*(Detalhe_Registro!$M:$M="SIM")))),"") | E23: =COUNTIFS(Detalhe_Registro!$D:$D,A23,Detalhe_Registro!$E:$E,B23,Detalhe_Registro!$M:$M,"SIM") | F23: =IFERROR(MAXIFS(Detalhe_Registro!$N:$N,Detalhe_Registro!$D:$D,A23,Detalhe_Registro!$E:$E,B23,Detalhe_Registro!$M:$M,"SIM"),0) | G23: =IFERROR(AVERAGEIFS(Detalhe_Registro!$N:$N,Detalhe_Registro!$D:$D,A23,Detalhe_Registro!$E:$E,B23,Detalhe_Registro!$M:$M,"SIM"),0) | H23: =SUMIFS(Detalhe_Registro!$F:$F,Detalhe_Registro!$D:$D,A23,Detalhe_Registro!$E:$E,B23,Detalhe_Registro!$M:$M,"SIM") | I23: =SUMIFS(Detalhe_Registro!$G:$G,Detalhe_Registro!$D:$D,A23,Detalhe_Registro!$E:$E,B23,Detalhe_Registro!$M:$M,"SIM") | J23: =IF(F23<Premissas!$B$8,"< 1,00",IF(F23<Premissas!$B$9,"1,00 – 1,19",IF(F23<Premissas!$B$10,"1,20 – 1,39",IF(F23<Premissas!$B$11,"1,40 – 1,59",IF(F23<Premissas!$B$12,"1,60 – 1,99","≥ 2,00"))))) | K23: =IF(F23<Premissas!$B$8,Premissas!$B$13,IF(F23<Premissas!$B$9,Premissas!$B$14,IF(F23<Premissas!$B$10,Premissas!$B$15,IF(F23<Premissas!$B$11,Premissas!$B$16,IF(F23<Premissas!$B$12,Premissas!$B$17,Premissas!$B$18))))) | L23: =K23/Premissas!$B$4 | M23: =IF(K23=Premissas!$B$18,"SIM","NÃO")
A24: 5944457 | B24: Alison Ribeiro | C24: 409 | D24: =IFERROR(TEXTJOIN(" | ",TRUE,UNIQUE(FILTER(Detalhe_Registro!$C:$C,(Detalhe_Registro!$D:$D=A24)*(Detalhe_Registro!$E:$E=B24)*(Detalhe_Registro!$M:$M="SIM")))),"") | E24: =COUNTIFS(Detalhe_Registro!$D:$D,A24,Detalhe_Registro!$E:$E,B24,Detalhe_Registro!$M:$M,"SIM") | F24: =IFERROR(MAXIFS(Detalhe_Registro!$N:$N,Detalhe_Registro!$D:$D,A24,Detalhe_Registro!$E:$E,B24,Detalhe_Registro!$M:$M,"SIM"),0) | G24: =IFERROR(AVERAGEIFS(Detalhe_Registro!$N:$N,Detalhe_Registro!$D:$D,A24,Detalhe_Registro!$E:$E,B24,Detalhe_Registro!$M:$M,"SIM"),0) | H24: =SUMIFS(Detalhe_Registro!$F:$F,Detalhe_Registro!$D:$D,A24,Detalhe_Registro!$E:$E,B24,Detalhe_Registro!$M:$M,"SIM") | I24: =SUMIFS(Detalhe_Registro!$G:$G,Detalhe_Registro!$D:$D,A24,Detalhe_Registro!$E:$E,B24,Detalhe_Registro!$M:$M,"SIM") | J24: =IF(F24<Premissas!$B$8,"< 1,00",IF(F24<Premissas!$B$9,"1,00 – 1,19",IF(F24<Premissas!$B$10,"1,20 – 1,39",IF(F24<Premissas!$B$11,"1,40 – 1,59",IF(F24<Premissas!$B$12,"1,60 – 1,99","≥ 2,00"))))) | K24: =IF(F24<Premissas!$B$8,Premissas!$B$13,IF(F24<Premissas!$B$9,Premissas!$B$14,IF(F24<Premissas!$B$10,Premissas!$B$15,IF(F24<Premissas!$B$11,Premissas!$B$16,IF(F24<Premissas!$B$12,Premissas!$B$17,Premissas!$B$18))))) | L24: =K24/Premissas!$B$4 | M24: =IF(K24=Premissas!$B$18,"SIM","NÃO")
A25: 5944457 | B25: Alison Ribeiro | C25: 409 | D25: =IFERROR(TEXTJOIN(" | ",TRUE,UNIQUE(FILTER(Detalhe_Registro!$C:$C,(Detalhe_Registro!$D:$D=A25)*(Detalhe_Registro!$E:$E=B25)*(Detalhe_Registro!$M:$M="SIM")))),"") | E25: =COUNTIFS(Detalhe_Registro!$D:$D,A25,Detalhe_Registro!$E:$E,B25,Detalhe_Registro!$M:$M,"SIM") | F25: =IFERROR(MAXIFS(Detalhe_Registro!$N:$N,Detalhe_Registro!$D:$D,A25,Detalhe_Registro!$E:$E,B25,Detalhe_Registro!$M:$M,"SIM"),0) | G25: =IFERROR(AVERAGEIFS(Detalhe_Registro!$N:$N,Detalhe_Registro!$D:$D,A25,Detalhe_Registro!$E:$E,B25,Detalhe_Registro!$M:$M,"SIM"),0) | H25: =SUMIFS(Detalhe_Registro!$F:$F,Detalhe_Registro!$D:$D,A25,Detalhe_Registro!$E:$E,B25,Detalhe_Registro!$M:$M,"SIM") | I25: =SUMIFS(Detalhe_Registro!$G:$G,Detalhe_Registro!$D:$D,A25,Detalhe_Registro!$E:$E,B25,Detalhe_Registro!$M:$M,"SIM") | J25: =IF(F25<Premissas!$B$8,"< 1,00",IF(F25<Premissas!$B$9,"1,00 – 1,19",IF(F25<Premissas!$B$10,"1,20 – 1,39",IF(F25<Premissas!$B$11,"1,40 – 1,59",IF(F25<Premissas!$B$12,"1,60 – 1,99","≥ 2,00"))))) | K25: =IF(F25<Premissas!$B$8,Premissas!$B$13,IF(F25<Premissas!$B$9,Premissas!$B$14,IF(F25<Premissas!$B$10,Premissas!$B$15,IF(F25<Premissas!$B$11,Premissas!$B$16,IF(F25<Premissas!$B$12,Premissas!$B$17,Premissas!$B$18))))) | L25: =K25/Premissas!$B$4 | M25: =IF(K25=Premissas!$B$18,"SIM","NÃO")
A26: 5448409 | B26: Allan Adao Da Silva | C26: 409 | D26: =IFERROR(TEXTJOIN(" | ",TRUE,UNIQUE(FILTER(Detalhe_Registro!$C:$C,(Detalhe_Registro!$D:$D=A26)*(Detalhe_Registro!$E:$E=B26)*(Detalhe_Registro!$M:$M="SIM")))),"") | E26: =COUNTIFS(Detalhe_Registro!$D:$D,A26,Detalhe_Registro!$E:$E,B26,Detalhe_Registro!$M:$M,"SIM") | F26: =IFERROR(MAXIFS(Detalhe_Registro!$N:$N,Detalhe_Registro!$D:$D,A26,Detalhe_Registro!$E:$E,B26,Detalhe_Registro!$M:$M,"SIM"),0) | G26: =IFERROR(AVERAGEIFS(Detalhe_Registro!$N:$N,Detalhe_Registro!$D:$D,A26,Detalhe_Registro!$E:$E,B26,Detalhe_Registro!$M:$M,"SIM"),0) | H26: =SUMIFS(Detalhe_Registro!$F:$F,Detalhe_Registro!$D:$D,A26,Detalhe_Registro!$E:$E,B26,Detalhe_Registro!$M:$M,"SIM") | I26: =SUMIFS(Detalhe_Registro!$G:$G,Detalhe_Registro!$D:$D,A26,Detalhe_Registro!$E:$E,B26,Detalhe_Registro!$M:$M,"SIM") | J26: =IF(F26<Premissas!$B$8,"< 1,00",IF(F26<Premissas!$B$9,"1,00 – 1,19",IF(F26<Premissas!$B$10,"1,20 – 1,39",IF(F26<Premissas!$B$11,"1,40 – 1,59",IF(F26<Premissas!$B$12,"1,60 – 1,99","≥ 2,00"))))) | K26: =IF(F26<Premissas!$B$8,Premissas!$B$13,IF(F26<Premissas!$B$9,Premissas!$B$14,IF(F26<Premissas!$B$10,Premissas!$B$15,IF(F26<Premissas!$B$11,Premissas!$B$16,IF(F26<Premissas!$B$12,Premissas!$B$17,Premissas!$B$18))))) | L26: =K26/Premissas!$B$4 | M26: =IF(K26=Premissas!$B$18,"SIM","NÃO")
A27: 5448409 | B27: Allan Adao Da Silva | C27: 409 | D27: =IFERROR(TEXTJOIN(" | ",TRUE,UNIQUE(FILTER(Detalhe_Registro!$C:$C,(Detalhe_Registro!$D:$D=A27)*(Detalhe_Registro!$E:$E=B27)*(Detalhe_Registro!$M:$M="SIM")))),"") | E27: =COUNTIFS(Detalhe_Registro!$D:$D,A27,Detalhe_Registro!$E:$E,B27,Detalhe_Registro!$M:$M,"SIM") | F27: =IFERROR(MAXIFS(Detalhe_Registro!$N:$N,Detalhe_Registro!$D:$D,A27,Detalhe_Registro!$E:$E,B27,Detalhe_Registro!$M:$M,"SIM"),0) | G27: =IFERROR(AVERAGEIFS(Detalhe_Registro!$N:$N,Detalhe_Registro!$D:$D,A27,Detalhe_Registro!$E:$E,B27,Detalhe_Registro!$M:$M,"SIM"),0) | H27: =SUMIFS(Detalhe_Registro!$F:$F,Detalhe_Registro!$D:$D,A27,Detalhe_Registro!$E:$E,B27,Detalhe_Registro!$M:$M,"SIM") | I27: =SUMIFS(Detalhe_Registro!$G:$G,Detalhe_Registro!$D:$D,A27,Detalhe_Registro!$E:$E,B27,Detalhe_Registro!$M:$M,"SIM") | J27: =IF(F27<Premissas!$B$8,"< 1,00",IF(F27<Premissas!$B$9,"1,00 – 1,19",IF(F27<Premissas!$B$10,"1,20 – 1,39",IF(F27<Premissas!$B$11,"1,40 – 1,59",IF(F27<Premissas!$B$12,"1,60 – 1,99","≥ 2,00"))))) | K27: =IF(F27<Premissas!$B$8,Premissas!$B$13,IF(F27<Premissas!$B$9,Premissas!$B$14,IF(F27<Premissas!$B$10,Premissas!$B$15,IF(F27<Premissas!$B$11,Premissas!$B$16,IF(F27<Premissas!$B$12,Premissas!$B$17,Premissas!$B$18))))) | L27: =K27/Premissas!$B$4 | M27: =IF(K27=Premissas!$B$18,"SIM","NÃO")
A28: 491277 | B28: Allan Chaves Da Cruz Da Rocha | C28: 409 | D28: =IFERROR(TEXTJOIN(" | ",TRUE,UNIQUE(FILTER(Detalhe_Registro!$C:$C,(Detalhe_Registro!$D:$D=A28)*(Detalhe_Registro!$E:$E=B28)*(Detalhe_Registro!$M:$M="SIM")))),"") | E28: =COUNTIFS(Detalhe_Registro!$D:$D,A28,Detalhe_Registro!$E:$E,B28,Detalhe_Registro!$M:$M,"SIM") | F28: =IFERROR(MAXIFS(Detalhe_Registro!$N:$N,Detalhe_Registro!$D:$D,A28,Detalhe_Registro!$E:$E,B28,Detalhe_Registro!$M:$M,"SIM"),0) | G28: =IFERROR(AVERAGEIFS(Detalhe_Registro!$N:$N,Detalhe_Registro!$D:$D,A28,Detalhe_Registro!$E:$E,B28,Detalhe_Registro!$M:$M,"SIM"),0) | H28: =SUMIFS(Detalhe_Registro!$F:$F,Detalhe_Registro!$D:$D,A28,Detalhe_Registro!$E:$E,B28,Detalhe_Registro!$M:$M,"SIM") | I28: =SUMIFS(Detalhe_Registro!$G:$G,Detalhe_Registro!$D:$D,A28,Detalhe_Registro!$E:$E,B28,Detalhe_Registro!$M:$M,"SIM") | J28: =IF(F28<Premissas!$B$8,"< 1,00",IF(F28<Premissas!$B$9,"1,00 – 1,19",IF(F28<Premissas!$B$10,"1,20 – 1,39",IF(F28<Premissas!$B$11,"1,40 – 1,59",IF(F28<Premissas!$B$12,"1,60 – 1,99","≥ 2,00"))))) | K28: =IF(F28<Premissas!$B$8,Premissas!$B$13,IF(F28<Premissas!$B$9,Premissas!$B$14,IF(F28<Premissas!$B$10,Premissas!$B$15,IF(F28<Premissas!$B$11,Premissas!$B$16,IF(F28<Premissas!$B$12,Premissas!$B$17,Premissas!$B$18))))) | L28: =K28/Premissas!$B$4 | M28: =IF(K28=Premissas!$B$18,"SIM","NÃO")
A29: 491277 | B29: Allan Chaves Da Cruz Da Rocha | C29: 409 | D29: =IFERROR(TEXTJOIN(" | ",TRUE,UNIQUE(FILTER(Detalhe_Registro!$C:$C,(Detalhe_Registro!$D:$D=A29)*(Detalhe_Registro!$E:$E=B29)*(Detalhe_Registro!$M:$M="SIM")))),"") | E29: =COUNTIFS(Detalhe_Registro!$D:$D,A29,Detalhe_Registro!$E:$E,B29,Detalhe_Registro!$M:$M,"SIM") | F29: =IFERROR(MAXIFS(Detalhe_Registro!$N:$N,Detalhe_Registro!$D:$D,A29,Detalhe_Registro!$E:$E,B29,Detalhe_Registro!$M:$M,"SIM"),0) | G29: =IFERROR(AVERAGEIFS(Detalhe_Registro!$N:$N,Detalhe_Registro!$D:$D,A29,Detalhe_Registro!$E:$E,B29,Detalhe_Registro!$M:$M,"SIM"),0) | H29: =SUMIFS(Detalhe_Registro!$F:$F,Detalhe_Registro!$D:$D,A29,Detalhe_Registro!$E:$E,B29,Detalhe_Registro!$M:$M,"SIM") | I29: =SUMIFS(Detalhe_Registro!$G:$G,Detalhe_Registro!$D:$D,A29,Detalhe_Registro!$E:$E,B29,Detalhe_Registro!$M:$M,"SIM") | J29: =IF(F29<Premissas!$B$8,"< 1,00",IF(F29<Premissas!$B$9,"1,00 – 1,19",IF(F29<Premissas!$B$10,"1,20 – 1,39",IF(F29<Premissas!$B$11,"1,40 – 1,59",IF(F29<Premissas!$B$12,"1,60 – 1,99","≥ 2,00"))))) | K29: =IF(F29<Premissas!$B$8,Premissas!$B$13,IF(F29<Premissas!$B$9,Premissas!$B$14,IF(F29<Premissas!$B$10,Premissas!$B$15,IF(F29<Premissas!$B$11,Premissas!$B$16,IF(F29<Premissas!$B$12,Premissas!$B$17,Premissas!$B$18))))) | L29: =K29/Premissas!$B$4 | M29: =IF(K29=Premissas!$B$18,"SIM","NÃO")
A30: 400144 | B30: Alvaro Marques De Paula | C30: 409 | D30: =IFERROR(TEXTJOIN(" | ",TRUE,UNIQUE(FILTER(Detalhe_Registro!$C:$C,(Detalhe_Registro!$D:$D=A30)*(Detalhe_Registro!$E:$E=B30)*(Detalhe_Registro!$M:$M="SIM")))),"") | E30: =COUNTIFS(Detalhe_Registro!$D:$D,A30,Detalhe_Registro!$E:$E,B30,Detalhe_Registro!$M:$M,"SIM") | F30: =IFERROR(MAXIFS(Detalhe_Registro!$N:$N,Detalhe_Registro!$D:$D,A30,Detalhe_Registro!$E:$E,B30,Detalhe_Registro!$M:$M,"SIM"),0) | G30: =IFERROR(AVERAGEIFS(Detalhe_Registro!$N:$N,Detalhe_Registro!$D:$D,A30,Detalhe_Registro!$E:$E,B30,Detalhe_Registro!$M:$M,"SIM"),0) | H30: =SUMIFS(Detalhe_Registro!$F:$F,Detalhe_Registro!$D:$D,A30,Detalhe_Registro!$E:$E,B30,Detalhe_Registro!$M:$M,"SIM") | I30: =SUMIFS(Detalhe_Registro!$G:$G,Detalhe_Registro!$D:$D,A30,Detalhe_Registro!$E:$E,B30,Detalhe_Registro!$M:$M,"SIM") | J30: =IF(F30<Premissas!$B$8,"< 1,00",IF(F30<Premissas!$B$9,"1,00 – 1,19",IF(F30<Premissas!$B$10,"1,20 – 1,39",IF(F30<Premissas!$B$11,"1,40 – 1,59",IF(F30<Premissas!$B$12,"1,60 – 1,99","≥ 2,00"))))) | K30: =IF(F30<Premissas!$B$8,Premissas!$B$13,IF(F30<Premissas!$B$9,Premissas!$B$14,IF(F30<Premissas!$B$10,Premissas!$B$15,IF(F30<Premissas!$B$11,Premissas!$B$16,IF(F30<Premissas!$B$12,Premissas!$B$17,Premissas!$B$18))))) | L30: =K30/Premissas!$B$4 | M30: =IF(K30=Premissas!$B$18,"SIM","NÃO")
A31: 400144 | B31: Alvaro Marques De Paula | C31: 409 | D31: =IFERROR(TEXTJOIN(" | ",TRUE,UNIQUE(FILTER(Detalhe_Registro!$C:$C,(Detalhe_Registro!$D:$D=A31)*(Detalhe_Registro!$E:$E=B31)*(Detalhe_Registro!$M:$M="SIM")))),"") | E31: =COUNTIFS(Detalhe_Registro!$D:$D,A31,Detalhe_Registro!$E:$E,B31,Detalhe_Registro!$M:$M,"SIM") | F31: =IFERROR(MAXIFS(Detalhe_Registro!$N:$N,Detalhe_Registro!$D:$D,A31,Detalhe_Registro!$E:$E,B31,Detalhe_Registro!$M:$M,"SIM"),0) | G31: =IFERROR(AVERAGEIFS(Detalhe_Registro!$N:$N,Detalhe_Registro!$D:$D,A31,Detalhe_Registro!$E:$E,B31,Detalhe_Registro!$M:$M,"SIM"),0) | H31: =SUMIFS(Detalhe_Registro!$F:$F,Detalhe_Registro!$D:$D,A31,Detalhe_Registro!$E:$E,B31,Detalhe_Registro!$M:$M,"SIM") | I31: =SUMIFS(Detalhe_Registro!$G:$G,Detalhe_Registro!$D:$D,A31,Detalhe_Registro!$E:$E,B31,Detalhe_Registro!$M:$M,"SIM") | J31: =IF(F31<Premissas!$B$8,"< 1,00",IF(F31<Premissas!$B$9,"1,00 – 1,19",IF(F31<Premissas!$B$10,"1,20 – 1,39",IF(F31<Premissas!$B$11,"1,40 – 1,59",IF(F31<Premissas!$B$12,"1,60 – 1,99","≥ 2,00"))))) | K31: =IF(F31<Premissas!$B$8,Premissas!$B$13,IF(F31<Premissas!$B$9,Premissas!$B$14,IF(F31<Premissas!$B$10,Premissas!$B$15,IF(F31<Premissas!$B$11,Premissas!$B$16,IF(F31<Premissas!$B$12,Premissas!$B$17,Premissas!$B$18))))) | L31: =K31/Premissas!$B$4 | M31: =IF(K31=Premissas!$B$18,"SIM","NÃO")
A32: 5817447 | B32: Anderson Da Costa Guedes | C32: 409 | D32: =IFERROR(TEXTJOIN(" | ",TRUE,UNIQUE(FILTER(Detalhe_Registro!$C:$C,(Detalhe_Registro!$D:$D=A32)*(Detalhe_Registro!$E:$E=B32)*(Detalhe_Registro!$M:$M="SIM")))),"") | E32: =COUNTIFS(Detalhe_Registro!$D:$D,A32,Detalhe_Registro!$E:$E,B32,Detalhe_Registro!$M:$M,"SIM") | F32: =IFERROR(MAXIFS(Detalhe_Registro!$N:$N,Detalhe_Registro!$D:$D,A32,Detalhe_Registro!$E:$E,B32,Detalhe_Registro!$M:$M,"SIM"),0) | G32: =IFERROR(AVERAGEIFS(Detalhe_Registro!$N:$N,Detalhe_Registro!$D:$D,A32,Detalhe_Registro!$E:$E,B32,Detalhe_Registro!$M:$M,"SIM"),0) | H32: =SUMIFS(Detalhe_Registro!$F:$F,Detalhe_Registro!$D:$D,A32,Detalhe_Registro!$E:$E,B32,Detalhe_Registro!$M:$M,"SIM") | I32: =SUMIFS(Detalhe_Registro!$G:$G,Detalhe_Registro!$D:$D,A32,Detalhe_Registro!$E:$E,B32,Detalhe_Registro!$M:$M,"SIM") | J32: =IF(F32<Premissas!$B$8,"< 1,00",IF(F32<Premissas!$B$9,"1,00 – 1,19",IF(F32<Premissas!$B$10,"1,20 – 1,39",IF(F32<Premissas!$B$11,"1,40 – 1,59",IF(F32<Premissas!$B$12,"1,60 – 1,99","≥ 2,00"))))) | K32: =IF(F32<Premissas!$B$8,Premissas!$B$13,IF(F32<Premissas!$B$9,Premissas!$B$14,IF(F32<Premissas!$B$10,Premissas!$B$15,IF(F32<Premissas!$B$11,Premissas!$B$16,IF(F32<Premissas!$B$12,Premissas!$B$17,Premissas!$B$18))))) | L32: =K32/Premissas!$B$4 | M32: =IF(K32=Premissas!$B$18,"SIM","NÃO")
A33: 5817447 | B33: Anderson Da Costa Guedes | C33: 409 | D33: =IFERROR(TEXTJOIN(" | ",TRUE,UNIQUE(FILTER(Detalhe_Registro!$C:$C,(Detalhe_Registro!$D:$D=A33)*(Detalhe_Registro!$E:$E=B33)*(Detalhe_Registro!$M:$M="SIM")))),"") | E33: =COUNTIFS(Detalhe_Registro!$D:$D,A33,Detalhe_Registro!$E:$E,B33,Detalhe_Registro!$M:$M,"SIM") | F33: =IFERROR(MAXIFS(Detalhe_Registro!$N:$N,Detalhe_Registro!$D:$D,A33,Detalhe_Registro!$E:$E,B33,Detalhe_Registro!$M:$M,"SIM"),0) | G33: =IFERROR(AVERAGEIFS(Detalhe_Registro!$N:$N,Detalhe_Registro!$D:$D,A33,Detalhe_Registro!$E:$E,B33,Detalhe_Registro!$M:$M,"SIM"),0) | H33: =SUMIFS(Detalhe_Registro!$F:$F,Detalhe_Registro!$D:$D,A33,Detalhe_Registro!$E:$E,B33,Detalhe_Registro!$M:$M,"SIM") | I33: =SUMIFS(Detalhe_Registro!$G:$G,Detalhe_Registro!$D:$D,A33,Detalhe_Registro!$E:$E,B33,Detalhe_Registro!$M:$M,"SIM") | J33: =IF(F33<Premissas!$B$8,"< 1,00",IF(F33<Premissas!$B$9,"1,00 – 1,19",IF(F33<Premissas!$B$10,"1,20 – 1,39",IF(F33<Premissas!$B$11,"1,40 – 1,59",IF(F33<Premissas!$B$12,"1,60 – 1,99","≥ 2,00"))))) | K33: =IF(F33<Premissas!$B$8,Premissas!$B$13,IF(F33<Premissas!$B$9,Premissas!$B$14,IF(F33<Premissas!$B$10,Premissas!$B$15,IF(F33<Premissas!$B$11,Premissas!$B$16,IF(F33<Premissas!$B$12,Premissas!$B$17,Premissas!$B$18))))) | L33: =K33/Premissas!$B$4 | M33: =IF(K33=Premissas!$B$18,"SIM","NÃO")
A34: 5442230 | B34: Anderson Marcos Dos Reis Matta | C34: 409 | D34: =IFERROR(TEXTJOIN(" | ",TRUE,UNIQUE(FILTER(Detalhe_Registro!$C:$C,(Detalhe_Registro!$D:$D=A34)*(Detalhe_Registro!$E:$E=B34)*(Detalhe_Registro!$M:$M="SIM")))),"") | E34: =COUNTIFS(Detalhe_Registro!$D:$D,A34,Detalhe_Registro!$E:$E,B34,Detalhe_Registro!$M:$M,"SIM") | F34: =IFERROR(MAXIFS(Detalhe_Registro!$N:$N,Detalhe_Registro!$D:$D,A34,Detalhe_Registro!$E:$E,B34,Detalhe_Registro!$M:$M,"SIM"),0) | G34: =IFERROR(AVERAGEIFS(Detalhe_Registro!$N:$N,Detalhe_Registro!$D:$D,A34,Detalhe_Registro!$E:$E,B34,Detalhe_Registro!$M:$M,"SIM"),0) | H34: =SUMIFS(Detalhe_Registro!$F:$F,Detalhe_Registro!$D:$D,A34,Detalhe_Registro!$E:$E,B34,Detalhe_Registro!$M:$M,"SIM") | I34: =SUMIFS(Detalhe_Registro!$G:$G,Detalhe_Registro!$D:$D,A34,Detalhe_Registro!$E:$E,B34,Detalhe_Registro!$M:$M,"SIM") | J34: =IF(F34<Premissas!$B$8,"< 1,00",IF(F34<Premissas!$B$9,"1,00 – 1,19",IF(F34<Premissas!$B$10,"1,20 – 1,39",IF(F34<Premissas!$B$11,"1,40 – 1,59",IF(F34<Premissas!$B$12,"1,60 – 1,99","≥ 2,00"))))) | K34: =IF(F34<Premissas!$B$8,Premissas!$B$13,IF(F34<Premissas!$B$9,Premissas!$B$14,IF(F34<Premissas!$B$10,Premissas!$B$15,IF(F34<Premissas!$B$11,Premissas!$B$16,IF(F34<Premissas!$B$12,Premissas!$B$17,Premissas!$B$18))))) | L34: =K34/Premissas!$B$4 | M34: =IF(K34=Premissas!$B$18,"SIM","NÃO")
A35: 5442230 | B35: Anderson Marcos Dos Reis Matta | C35: 409 | D35: =IFERROR(TEXTJOIN(" | ",TRUE,UNIQUE(FILTER(Detalhe_Registro!$C:$C,(Detalhe_Registro!$D:$D=A35)*(Detalhe_Registro!$E:$E=B35)*(Detalhe_Registro!$M:$M="SIM")))),"") | E35: =COUNTIFS(Detalhe_Registro!$D:$D,A35,Detalhe_Registro!$E:$E,B35,Detalhe_Registro!$M:$M,"SIM") | F35: =IFERROR(MAXIFS(Detalhe_Registro!$N:$N,Detalhe_Registro!$D:$D,A35,Detalhe_Registro!$E:$E,B35,Detalhe_Registro!$M:$M,"SIM"),0) | G35: =IFERROR(AVERAGEIFS(Detalhe_Registro!$N:$N,Detalhe_Registro!$D:$D,A35,Detalhe_Registro!$E:$E,B35,Detalhe_Registro!$M:$M,"SIM"),0) | H35: =SUMIFS(Detalhe_Registro!$F:$F,Detalhe_Registro!$D:$D,A35,Detalhe_Registro!$E:$E,B35,Detalhe_Registro!$M:$M,"SIM") | I35: =SUMIFS(Detalhe_Registro!$G:$G,Detalhe_Registro!$D:$D,A35,Detalhe_Registro!$E:$E,B35,Detalhe_Registro!$M:$M,"SIM") | J35: =IF(F35<Premissas!$B$8,"< 1,00",IF(F35<Premissas!$B$9,"1,00 – 1,19",IF(F35<Premissas!$B$10,"1,20 – 1,39",IF(F35<Premissas!$B$11,"1,40 – 1,59",IF(F35<Premissas!$B$12,"1,60 – 1,99","≥ 2,00"))))) | K35: =IF(F35<Premissas!$B$8,Premissas!$B$13,IF(F35<Premissas!$B$9,Premissas!$B$14,IF(F35<Premissas!$B$10,Premissas!$B$15,IF(F35<Premissas!$B$11,Premissas!$B$16,IF(F35<Premissas!$B$12,Premissas!$B$17,Premissas!$B$18))))) | L35: =K35/Premissas!$B$4 | M35: =IF(K35=Premissas!$B$18,"SIM","NÃO")
A36: 5448417 | B36: Andre Lemos Dos Santos | C36: 409 | D36: =IFERROR(TEXTJOIN(" | ",TRUE,UNIQUE(FILTER(Detalhe_Registro!$C:$C,(Detalhe_Registro!$D:$D=A36)*(Detalhe_Registro!$E:$E=B36)*(Detalhe_Registro!$M:$M="SIM")))),"") | E36: =COUNTIFS(Detalhe_Registro!$D:$D,A36,Detalhe_Registro!$E:$E,B36,Detalhe_Registro!$M:$M,"SIM") | F36: =IFERROR(MAXIFS(Detalhe_Registro!$N:$N,Detalhe_Registro!$D:$D,A36,Detalhe_Registro!$E:$E,B36,Detalhe_Registro!$M:$M,"SIM"),0) | G36: =IFERROR(AVERAGEIFS(Detalhe_Registro!$N:$N,Detalhe_Registro!$D:$D,A36,Detalhe_Registro!$E:$E,B36,Detalhe_Registro!$M:$M,"SIM"),0) | H36: =SUMIFS(Detalhe_Registro!$F:$F,Detalhe_Registro!$D:$D,A36,Detalhe_Registro!$E:$E,B36,Detalhe_Registro!$M:$M,"SIM") | I36: =SUMIFS(Detalhe_Registro!$G:$G,Detalhe_Registro!$D:$D,A36,Detalhe_Registro!$E:$E,B36,Detalhe_Registro!$M:$M,"SIM") | J36: =IF(F36<Premissas!$B$8,"< 1,00",IF(F36<Premissas!$B$9,"1,00 – 1,19",IF(F36<Premissas!$B$10,"1,20 – 1,39",IF(F36<Premissas!$B$11,"1,40 – 1,59",IF(F36<Premissas!$B$12,"1,60 – 1,99","≥ 2,00"))))) | K36: =IF(F36<Premissas!$B$8,Premissas!$B$13,IF(F36<Premissas!$B$9,Premissas!$B$14,IF(F36<Premissas!$B$10,Premissas!$B$15,IF(F36<Premissas!$B$11,Premissas!$B$16,IF(F36<Premissas!$B$12,Premissas!$B$17,Premissas!$B$18))))) | L36: =K36/Premissas!$B$4 | M36: =IF(K36=Premissas!$B$18,"SIM","NÃO")
A37: 5448417 | B37: Andre Lemos Dos Santos | C37: 409 | D37: =IFERROR(TEXTJOIN(" | ",TRUE,UNIQUE(FILTER(Detalhe_Registro!$C:$C,(Detalhe_Registro!$D:$D=A37)*(Detalhe_Registro!$E:$E=B37)*(Detalhe_Registro!$M:$M="SIM")))),"") | E37: =COUNTIFS(Detalhe_Registro!$D:$D,A37,Detalhe_Registro!$E:$E,B37,Detalhe_Registro!$M:$M,"SIM") | F37: =IFERROR(MAXIFS(Detalhe_Registro!$N:$N,Detalhe_Registro!$D:$D,A37,Detalhe_Registro!$E:$E,B37,Detalhe_Registro!$M:$M,"SIM"),0) | G37: =IFERROR(AVERAGEIFS(Detalhe_Registro!$N:$N,Detalhe_Registro!$D:$D,A37,Detalhe_Registro!$E:$E,B37,Detalhe_Registro!$M:$M,"SIM"),0) | H37: =SUMIFS(Detalhe_Registro!$F:$F,Detalhe_Registro!$D:$D,A37,Detalhe_Registro!$E:$E,B37,Detalhe_Registro!$M:$M,"SIM") | I37: =SUMIFS(Detalhe_Registro!$G:$G,Detalhe_Registro!$D:$D,A37,Detalhe_Registro!$E:$E,B37,Detalhe_Registro!$M:$M,"SIM") | J37: =IF(F37<Premissas!$B$8,"< 1,00",IF(F37<Premissas!$B$9,"1,00 – 1,19",IF(F37<Premissas!$B$10,"1,20 – 1,39",IF(F37<Premissas!$B$11,"1,40 – 1,59",IF(F37<Premissas!$B$12,"1,60 – 1,99","≥ 2,00"))))) | K37: =IF(F37<Premissas!$B$8,Premissas!$B$13,IF(F37<Premissas!$B$9,Premissas!$B$14,IF(F37<Premissas!$B$10,Premissas!$B$15,IF(F37<Premissas!$B$11,Premissas!$B$16,IF(F37<Premissas!$B$12,Premissas!$B$17,Premissas!$B$18))))) | L37: =K37/Premissas!$B$4 | M37: =IF(K37=Premissas!$B$18,"SIM","NÃO")
A38: 5449111 | B38: Andrey Teixeira Coutinho | C38: 409 | D38: =IFERROR(TEXTJOIN(" | ",TRUE,UNIQUE(FILTER(Detalhe_Registro!$C:$C,(Detalhe_Registro!$D:$D=A38)*(Detalhe_Registro!$E:$E=B38)*(Detalhe_Registro!$M:$M="SIM")))),"") | E38: =COUNTIFS(Detalhe_Registro!$D:$D,A38,Detalhe_Registro!$E:$E,B38,Detalhe_Registro!$M:$M,"SIM") | F38: =IFERROR(MAXIFS(Detalhe_Registro!$N:$N,Detalhe_Registro!$D:$D,A38,Detalhe_Registro!$E:$E,B38,Detalhe_Registro!$M:$M,"SIM"),0) | G38: =IFERROR(AVERAGEIFS(Detalhe_Registro!$N:$N,Detalhe_Registro!$D:$D,A38,Detalhe_Registro!$E:$E,B38,Detalhe_Registro!$M:$M,"SIM"),0) | H38: =SUMIFS(Detalhe_Registro!$F:$F,Detalhe_Registro!$D:$D,A38,Detalhe_Registro!$E:$E,B38,Detalhe_Registro!$M:$M,"SIM") | I38: =SUMIFS(Detalhe_Registro!$G:$G,Detalhe_Registro!$D:$D,A38,Detalhe_Registro!$E:$E,B38,Detalhe_Registro!$M:$M,"SIM") | J38: =IF(F38<Premissas!$B$8,"< 1,00",IF(F38<Premissas!$B$9,"1,00 – 1,19",IF(F38<Premissas!$B$10,"1,20 – 1,39",IF(F38<Premissas!$B$11,"1,40 – 1,59",IF(F38<Premissas!$B$12,"1,60 – 1,99","≥ 2,00"))))) | K38: =IF(F38<Premissas!$B$8,Premissas!$B$13,IF(F38<Premissas!$B$9,Premissas!$B$14,IF(F38<Premissas!$B$10,Premissas!$B$15,IF(F38<Premissas!$B$11,Premissas!$B$16,IF(F38<Premissas!$B$12,Premissas!$B$17,Premissas!$B$18))))) | L38: =K38/Premissas!$B$4 | M38: =IF(K38=Premissas!$B$18,"SIM","NÃO")
A39: 5449111 | B39: Andrey Teixeira Coutinho | C39: 409 | D39: =IFERROR(TEXTJOIN(" | ",TRUE,UNIQUE(FILTER(Detalhe_Registro!$C:$C,(Detalhe_Registro!$D:$D=A39)*(Detalhe_Registro!$E:$E=B39)*(Detalhe_Registro!$M:$M="SIM")))),"") | E39: =COUNTIFS(Detalhe_Registro!$D:$D,A39,Detalhe_Registro!$E:$E,B39,Detalhe_Registro!$M:$M,"SIM") | F39: =IFERROR(MAXIFS(Detalhe_Registro!$N:$N,Detalhe_Registro!$D:$D,A39,Detalhe_Registro!$E:$E,B39,Detalhe_Registro!$M:$M,"SIM"),0) | G39: =IFERROR(AVERAGEIFS(Detalhe_Registro!$N:$N,Detalhe_Registro!$D:$D,A39,Detalhe_Registro!$E:$E,B39,Detalhe_Registro!$M:$M,"SIM"),0) | H39: =SUMIFS(Detalhe_Registro!$F:$F,Detalhe_Registro!$D:$D,A39,Detalhe_Registro!$E:$E,B39,Detalhe_Registro!$M:$M,"SIM") | I39: =SUMIFS(Detalhe_Registro!$G:$G,Detalhe_Registro!$D:$D,A39,Detalhe_Registro!$E:$E,B39,Detalhe_Registro!$M:$M,"SIM") | J39: =IF(F39<Premissas!$B$8,"< 1,00",IF(F39<Premissas!$B$9,"1,00 – 1,19",IF(F39<Premissas!$B$10,"1,20 – 1,39",IF(F39<Premissas!$B$11,"1,40 – 1,59",IF(F39<Premissas!$B$12,"1,60 – 1,99","≥ 2,00"))))) | K39: =IF(F39<Premissas!$B$8,Premissas!$B$13,IF(F39<Premissas!$B$9,Premissas!$B$14,IF(F39<Premissas!$B$10,Premissas!$B$15,IF(F39<Premissas!$B$11,Premissas!$B$16,IF(F39<Premissas!$B$12,Premissas!$B$17,Premissas!$B$18))))) | L39: =K39/Premissas!$B$4 | M39: =IF(K39=Premissas!$B$18,"SIM","NÃO")
A40: 534568 | B40: Antonio Carlos Da Silva Guerra | C40: 409 | D40: =IFERROR(TEXTJOIN(" | ",TRUE,UNIQUE(FILTER(Detalhe_Registro!$C:$C,(Detalhe_Registro!$D:$D=A40)*(Detalhe_Registro!$E:$E=B40)*(Detalhe_Registro!$M:$M="SIM")))),"") | E40: =COUNTIFS(Detalhe_Registro!$D:$D,A40,Detalhe_Registro!$E:$E,B40,Detalhe_Registro!$M:$M,"SIM") | F40: =IFERROR(MAXIFS(Detalhe_Registro!$N:$N,Detalhe_Registro!$D:$D,A40,Detalhe_Registro!$E:$E,B40,Detalhe_Registro!$M:$M,"SIM"),0) | G40: =IFERROR(AVERAGEIFS(Detalhe_Registro!$N:$N,Detalhe_Registro!$D:$D,A40,Detalhe_Registro!$E:$E,B40,Detalhe_Registro!$M:$M,"SIM"),0) | H40: =SUMIFS(Detalhe_Registro!$F:$F,Detalhe_Registro!$D:$D,A40,Detalhe_Registro!$E:$E,B40,Detalhe_Registro!$M:$M,"SIM") | I40: =SUMIFS(Detalhe_Registro!$G:$G,Detalhe_Registro!$D:$D,A40,Detalhe_Registro!$E:$E,B40,Detalhe_Registro!$M:$M,"SIM") | J40: =IF(F40<Premissas!$B$8,"< 1,00",IF(F40<Premissas!$B$9,"1,00 – 1,19",IF(F40<Premissas!$B$10,"1,20 – 1,39",IF(F40<Premissas!$B$11,"1,40 – 1,59",IF(F40<Premissas!$B$12,"1,60 – 1,99","≥ 2,00"))))) | K40: =IF(F40<Premissas!$B$8,Premissas!$B$13,IF(F40<Premissas!$B$9,Premissas!$B$14,IF(F40<Premissas!$B$10,Premissas!$B$15,IF(F40<Premissas!$B$11,Premissas!$B$16,IF(F40<Premissas!$B$12,Premissas!$B$17,Premissas!$B$18))))) | L40: =K40/Premissas!$B$4 | M40: =IF(K40=Premissas!$B$18,"SIM","NÃO")
A41: 534568 | B41: Antonio Carlos Da Silva Guerra | C41: 409 | D41: =IFERROR(TEXTJOIN(" | ",TRUE,UNIQUE(FILTER(Detalhe_Registro!$C:$C,(Detalhe_Registro!$D:$D=A41)*(Detalhe_Registro!$E:$E=B41)*(Detalhe_Registro!$M:$M="SIM")))),"") | E41: =COUNTIFS(Detalhe_Registro!$D:$D,A41,Detalhe_Registro!$E:$E,B41,Detalhe_Registro!$M:$M,"SIM") | F41: =IFERROR(MAXIFS(Detalhe_Registro!$N:$N,Detalhe_Registro!$D:$D,A41,Detalhe_Registro!$E:$E,B41,Detalhe_Registro!$M:$M,"SIM"),0) | G41: =IFERROR(AVERAGEIFS(Detalhe_Registro!$N:$N,Detalhe_Registro!$D:$D,A41,Detalhe_Registro!$E:$E,B41,Detalhe_Registro!$M:$M,"SIM"),0) | H41: =SUMIFS(Detalhe_Registro!$F:$F,Detalhe_Registro!$D:$D,A41,Detalhe_Registro!$E:$E,B41,Detalhe_Registro!$M:$M,"SIM") | I41: =SUMIFS(Detalhe_Registro!$G:$G,Detalhe_Registro!$D:$D,A41,Detalhe_Registro!$E:$E,B41,Detalhe_Registro!$M:$M,"SIM") | J41: =IF(F41<Premissas!$B$8,"< 1,00",IF(F41<Premissas!$B$9,"1,00 – 1,19",IF(F41<Premissas!$B$10,"1,20 – 1,39",IF(F41<Premissas!$B$11,"1,40 – 1,59",IF(F41<Premissas!$B$12,"1,60 – 1,99","≥ 2,00"))))) | K41: =IF(F41<Premissas!$B$8,Premissas!$B$13,IF(F41<Premissas!$B$9,Premissas!$B$14,IF(F41<Premissas!$B$10,Premissas!$B$15,IF(F41<Premissas!$B$11,Premissas!$B$16,IF(F41<Premissas!$B$12,Premissas!$B$17,Premissas!$B$18))))) | L41: =K41/Premissas!$B$4 | M41: =IF(K41=Premissas!$B$18,"SIM","NÃO")
A42: 606031 | B42: Antonio Jose Dias Filho | C42: 409 | D42: =IFERROR(TEXTJOIN(" | ",TRUE,UNIQUE(FILTER(Detalhe_Registro!$C:$C,(Detalhe_Registro!$D:$D=A42)*(Detalhe_Registro!$E:$E=B42)*(Detalhe_Registro!$M:$M="SIM")))),"") | E42: =COUNTIFS(Detalhe_Registro!$D:$D,A42,Detalhe_Registro!$E:$E,B42,Detalhe_Registro!$M:$M,"SIM") | F42: =IFERROR(MAXIFS(Detalhe_Registro!$N:$N,Detalhe_Registro!$D:$D,A42,Detalhe_Registro!$E:$E,B42,Detalhe_Registro!$M:$M,"SIM"),0) | G42: =IFERROR(AVERAGEIFS(Detalhe_Registro!$N:$N,Detalhe_Registro!$D:$D,A42,Detalhe_Registro!$E:$E,B42,Detalhe_Registro!$M:$M,"SIM"),0) | H42: =SUMIFS(Detalhe_Registro!$F:$F,Detalhe_Registro!$D:$D,A42,Detalhe_Registro!$E:$E,B42,Detalhe_Registro!$M:$M,"SIM") | I42: =SUMIFS(Detalhe_Registro!$G:$G,Detalhe_Registro!$D:$D,A42,Detalhe_Registro!$E:$E,B42,Detalhe_Registro!$M:$M,"SIM") | J42: =IF(F42<Premissas!$B$8,"< 1,00",IF(F42<Premissas!$B$9,"1,00 – 1,19",IF(F42<Premissas!$B$10,"1,20 – 1,39",IF(F42<Premissas!$B$11,"1,40 – 1,59",IF(F42<Premissas!$B$12,"1,60 – 1,99","≥ 2,00"))))) | K42: =IF(F42<Premissas!$B$8,Premissas!$B$13,IF(F42<Premissas!$B$9,Premissas!$B$14,IF(F42<Premissas!$B$10,Premissas!$B$15,IF(F42<Premissas!$B$11,Premissas!$B$16,IF(F42<Premissas!$B$12,Premissas!$B$17,Premissas!$B$18))))) | L42: =K42/Premissas!$B$4 | M42: =IF(K42=Premissas!$B$18,"SIM","NÃO")
A43: 606031 | B43: Antonio Jose Dias Filho | C43: 409 | D43: =IFERROR(TEXTJOIN(" | ",TRUE,UNIQUE(FILTER(Detalhe_Registro!$C:$C,(Detalhe_Registro!$D:$D=A43)*(Detalhe_Registro!$E:$E=B43)*(Detalhe_Registro!$M:$M="SIM")))),"") | E43: =COUNTIFS(Detalhe_Registro!$D:$D,A43,Detalhe_Registro!$E:$E,B43,Detalhe_Registro!$M:$M,"SIM") | F43: =IFERROR(MAXIFS(Detalhe_Registro!$N:$N,Detalhe_Registro!$D:$D,A43,Detalhe_Registro!$E:$E,B43,Detalhe_Registro!$M:$M,"SIM"),0) | G43: =IFERROR(AVERAGEIFS(Detalhe_Registro!$N:$N,Detalhe_Registro!$D:$D,A43,Detalhe_Registro!$E:$E,B43,Detalhe_Registro!$M:$M,"SIM"),0) | H43: =SUMIFS(Detalhe_Registro!$F:$F,Detalhe_Registro!$D:$D,A43,Detalhe_Registro!$E:$E,B43,Detalhe_Registro!$M:$M,"SIM") | I43: =SUMIFS(Detalhe_Registro!$G:$G,Detalhe_Registro!$D:$D,A43,Detalhe_Registro!$E:$E,B43,Detalhe_Registro!$M:$M,"SIM") | J43: =IF(F43<Premissas!$B$8,"< 1,00",IF(F43<Premissas!$B$9,"1,00 – 1,19",IF(F43<Premissas!$B$10,"1,20 – 1,39",IF(F43<Premissas!$B$11,"1,40 – 1,59",IF(F43<Premissas!$B$12,"1,60 – 1,99","≥ 2,00"))))) | K43: =IF(F43<Premissas!$B$8,Premissas!$B$13,IF(F43<Premissas!$B$9,Premissas!$B$14,IF(F43<Premissas!$B$10,Premissas!$B$15,IF(F43<Premissas!$B$11,Premissas!$B$16,IF(F43<Premissas!$B$12,Premissas!$B$17,Premissas!$B$18))))) | L43: =K43/Premissas!$B$4 | M43: =IF(K43=Premissas!$B$18,"SIM","NÃO")
A44: 5944767 | B44: Anyelly Bomfim Da Costa | C44: 409 | D44: =IFERROR(TEXTJOIN(" | ",TRUE,UNIQUE(FILTER(Detalhe_Registro!$C:$C,(Detalhe_Registro!$D:$D=A44)*(Detalhe_Registro!$E:$E=B44)*(Detalhe_Registro!$M:$M="SIM")))),"") | E44: =COUNTIFS(Detalhe_Registro!$D:$D,A44,Detalhe_Registro!$E:$E,B44,Detalhe_Registro!$M:$M,"SIM") | F44: =IFERROR(MAXIFS(Detalhe_Registro!$N:$N,Detalhe_Registro!$D:$D,A44,Detalhe_Registro!$E:$E,B44,Detalhe_Registro!$M:$M,"SIM"),0) | G44: =IFERROR(AVERAGEIFS(Detalhe_Registro!$N:$N,Detalhe_Registro!$D:$D,A44,Detalhe_Registro!$E:$E,B44,Detalhe_Registro!$M:$M,"SIM"),0) | H44: =SUMIFS(Detalhe_Registro!$F:$F,Detalhe_Registro!$D:$D,A44,Detalhe_Registro!$E:$E,B44,Detalhe_Registro!$M:$M,"SIM") | I44: =SUMIFS(Detalhe_Registro!$G:$G,Detalhe_Registro!$D:$D,A44,Detalhe_Registro!$E:$E,B44,Detalhe_Registro!$M:$M,"SIM") | J44: =IF(F44<Premissas!$B$8,"< 1,00",IF(F44<Premissas!$B$9,"1,00 – 1,19",IF(F44<Premissas!$B$10,"1,20 – 1,39",IF(F44<Premissas!$B$11,"1,40 – 1,59",IF(F44<Premissas!$B$12,"1,60 – 1,99","≥ 2,00"))))) | K44: =IF(F44<Premissas!$B$8,Premissas!$B$13,IF(F44<Premissas!$B$9,Premissas!$B$14,IF(F44<Premissas!$B$10,Premissas!$B$15,IF(F44<Premissas!$B$11,Premissas!$B$16,IF(F44<Premissas!$B$12,Premissas!$B$17,Premissas!$B$18))))) | L44: =K44/Premissas!$B$4 | M44: =IF(K44=Premissas!$B$18,"SIM","NÃO")
A45: 5944767 | B45: Anyelly Bomfim Da Costa | C45: 409 | D45: =IFERROR(TEXTJOIN(" | ",TRUE,UNIQUE(FILTER(Detalhe_Registro!$C:$C,(Detalhe_Registro!$D:$D=A45)*(Detalhe_Registro!$E:$E=B45)*(Detalhe_Registro!$M:$M="SIM")))),"") | E45: =COUNTIFS(Detalhe_Registro!$D:$D,A45,Detalhe_Registro!$E:$E,B45,Detalhe_Registro!$M:$M,"SIM") | F45: =IFERROR(MAXIFS(Detalhe_Registro!$N:$N,Detalhe_Registro!$D:$D,A45,Detalhe_Registro!$E:$E,B45,Detalhe_Registro!$M:$M,"SIM"),0) | G45: =IFERROR(AVERAGEIFS(Detalhe_Registro!$N:$N,Detalhe_Registro!$D:$D,A45,Detalhe_Registro!$E:$E,B45,Detalhe_Registro!$M:$M,"SIM"),0) | H45: =SUMIFS(Detalhe_Registro!$F:$F,Detalhe_Registro!$D:$D,A45,Detalhe_Registro!$E:$E,B45,Detalhe_Registro!$M:$M,"SIM") | I45: =SUMIFS(Detalhe_Registro!$G:$G,Detalhe_Registro!$D:$D,A45,Detalhe_Registro!$E:$E,B45,Detalhe_Registro!$M:$M,"SIM") | J45: =IF(F45<Premissas!$B$8,"< 1,00",IF(F45<Premissas!$B$9,"1,00 – 1,19",IF(F45<Premissas!$B$10,"1,20 – 1,39",IF(F45<Premissas!$B$11,"1,40 – 1,59",IF(F45<Premissas!$B$12,"1,60 – 1,99","≥ 2,00"))))) | K45: =IF(F45<Premissas!$B$8,Premissas!$B$13,IF(F45<Premissas!$B$9,Premissas!$B$14,IF(F45<Premissas!$B$10,Premissas!$B$15,IF(F45<Premissas!$B$11,Premissas!$B$16,IF(F45<Premissas!$B$12,Premissas!$B$17,Premissas!$B$18))))) | L45: =K45/Premissas!$B$4 | M45: =IF(K45=Premissas!$B$18,"SIM","NÃO")
A46: 5449219 | B46: Aristides Ribeiro Pinheiro | C46: 409 | D46: =IFERROR(TEXTJOIN(" | ",TRUE,UNIQUE(FILTER(Detalhe_Registro!$C:$C,(Detalhe_Registro!$D:$D=A46)*(Detalhe_Registro!$E:$E=B46)*(Detalhe_Registro!$M:$M="SIM")))),"") | E46: =COUNTIFS(Detalhe_Registro!$D:$D,A46,Detalhe_Registro!$E:$E,B46,Detalhe_Registro!$M:$M,"SIM") | F46: =IFERROR(MAXIFS(Detalhe_Registro!$N:$N,Detalhe_Registro!$D:$D,A46,Detalhe_Registro!$E:$E,B46,Detalhe_Registro!$M:$M,"SIM"),0) | G46: =IFERROR(AVERAGEIFS(Detalhe_Registro!$N:$N,Detalhe_Registro!$D:$D,A46,Detalhe_Registro!$E:$E,B46,Detalhe_Registro!$M:$M,"SIM"),0) | H46: =SUMIFS(Detalhe_Registro!$F:$F,Detalhe_Registro!$D:$D,A46,Detalhe_Registro!$E:$E,B46,Detalhe_Registro!$M:$M,"SIM") | I46: =SUMIFS(Detalhe_Registro!$G:$G,Detalhe_Registro!$D:$D,A46,Detalhe_Registro!$E:$E,B46,Detalhe_Registro!$M:$M,"SIM") | J46: =IF(F46<Premissas!$B$8,"< 1,00",IF(F46<Premissas!$B$9,"1,00 – 1,19",IF(F46<Premissas!$B$10,"1,20 – 1,39",IF(F46<Premissas!$B$11,"1,40 – 1,59",IF(F46<Premissas!$B$12,"1,60 – 1,99","≥ 2,00"))))) | K46: =IF(F46<Premissas!$B$8,Premissas!$B$13,IF(F46<Premissas!$B$9,Premissas!$B$14,IF(F46<Premissas!$B$10,Premissas!$B$15,IF(F46<Premissas!$B$11,Premissas!$B$16,IF(F46<Premissas!$B$12,Premissas!$B$17,Premissas!$B$18))))) | L46: =K46/Premissas!$B$4 | M46: =IF(K46=Premissas!$B$18,"SIM","NÃO")
A47: 5449219 | B47: Aristides Ribeiro Pinheiro | C47: 409 | D47: =IFERROR(TEXTJOIN(" | ",TRUE,UNIQUE(FILTER(Detalhe_Registro!$C:$C,(Detalhe_Registro!$D:$D=A47)*(Detalhe_Registro!$E:$E=B47)*(Detalhe_Registro!$M:$M="SIM")))),"") | E47: =COUNTIFS(Detalhe_Registro!$D:$D,A47,Detalhe_Registro!$E:$E,B47,Detalhe_Registro!$M:$M,"SIM") | F47: =IFERROR(MAXIFS(Detalhe_Registro!$N:$N,Detalhe_Registro!$D:$D,A47,Detalhe_Registro!$E:$E,B47,Detalhe_Registro!$M:$M,"SIM"),0) | G47: =IFERROR(AVERAGEIFS(Detalhe_Registro!$N:$N,Detalhe_Registro!$D:$D,A47,Detalhe_Registro!$E:$E,B47,Detalhe_Registro!$M:$M,"SIM"),0) | H47: =SUMIFS(Detalhe_Registro!$F:$F,Detalhe_Registro!$D:$D,A47,Detalhe_Registro!$E:$E,B47,Detalhe_Registro!$M:$M,"SIM") | I47: =SUMIFS(Detalhe_Registro!$G:$G,Detalhe_Registro!$D:$D,A47,Detalhe_Registro!$E:$E,B47,Detalhe_Registro!$M:$M,"SIM") | J47: =IF(F47<Premissas!$B$8,"< 1,00",IF(F47<Premissas!$B$9,"1,00 – 1,19",IF(F47<Premissas!$B$10,"1,20 – 1,39",IF(F47<Premissas!$B$11,"1,40 – 1,59",IF(F47<Premissas!$B$12,"1,60 – 1,99","≥ 2,00"))))) | K47: =IF(F47<Premissas!$B$8,Premissas!$B$13,IF(F47<Premissas!$B$9,Premissas!$B$14,IF(F47<Premissas!$B$10,Premissas!$B$15,IF(F47<Premissas!$B$11,Premissas!$B$16,IF(F47<Premissas!$B$12,Premissas!$B$17,Premissas!$B$18))))) | L47: =K47/Premissas!$B$4 | M47: =IF(K47=Premissas!$B$18,"SIM","NÃO")
A48: 5911885 | B48: Arthur Teixeira Pereira | C48: 409 | D48: =IFERROR(TEXTJOIN(" | ",TRUE,UNIQUE(FILTER(Detalhe_Registro!$C:$C,(Detalhe_Registro!$D:$D=A48)*(Detalhe_Registro!$E:$E=B48)*(Detalhe_Registro!$M:$M="SIM")))),"") | E48: =COUNTIFS(Detalhe_Registro!$D:$D,A48,Detalhe_Registro!$E:$E,B48,Detalhe_Registro!$M:$M,"SIM") | F48: =IFERROR(MAXIFS(Detalhe_Registro!$N:$N,Detalhe_Registro!$D:$D,A48,Detalhe_Registro!$E:$E,B48,Detalhe_Registro!$M:$M,"SIM"),0) | G48: =IFERROR(AVERAGEIFS(Detalhe_Registro!$N:$N,Detalhe_Registro!$D:$D,A48,Detalhe_Registro!$E:$E,B48,Detalhe_Registro!$M:$M,"SIM"),0) | H48: =SUMIFS(Detalhe_Registro!$F:$F,Detalhe_Registro!$D:$D,A48,Detalhe_Registro!$E:$E,B48,Detalhe_Registro!$M:$M,"SIM") | I48: =SUMIFS(Detalhe_Registro!$G:$G,Detalhe_Registro!$D:$D,A48,Detalhe_Registro!$E:$E,B48,Detalhe_Registro!$M:$M,"SIM") | J48: =IF(F48<Premissas!$B$8,"< 1,00",IF(F48<Premissas!$B$9,"1,00 – 1,19",IF(F48<Premissas!$B$10,"1,20 – 1,39",IF(F48<Premissas!$B$11,"1,40 – 1,59",IF(F48<Premissas!$B$12,"1,60 – 1,99","≥ 2,00"))))) | K48: =IF(F48<Premissas!$B$8,Premissas!$B$13,IF(F48<Premissas!$B$9,Premissas!$B$14,IF(F48<Premissas!$B$10,Premissas!$B$15,IF(F48<Premissas!$B$11,Premissas!$B$16,IF(F48<Premissas!$B$12,Premissas!$B$17,Premissas!$B$18))))) | L48: =K48/Premissas!$B$4 | M48: =IF(K48=Premissas!$B$18,"SIM","NÃO")
A49: 5911885 | B49: Arthur Teixeira Pereira | C49: 409 | D49: =IFERROR(TEXTJOIN(" | ",TRUE,UNIQUE(FILTER(Detalhe_Registro!$C:$C,(Detalhe_Registro!$D:$D=A49)*(Detalhe_Registro!$E:$E=B49)*(Detalhe_Registro!$M:$M="SIM")))),"") | E49: =COUNTIFS(Detalhe_Registro!$D:$D,A49,Detalhe_Registro!$E:$E,B49,Detalhe_Registro!$M:$M,"SIM") | F49: =IFERROR(MAXIFS(Detalhe_Registro!$N:$N,Detalhe_Registro!$D:$D,A49,Detalhe_Registro!$E:$E,B49,Detalhe_Registro!$M:$M,"SIM"),0) | G49: =IFERROR(AVERAGEIFS(Detalhe_Registro!$N:$N,Detalhe_Registro!$D:$D,A49,Detalhe_Registro!$E:$E,B49,Detalhe_Registro!$M:$M,"SIM"),0) | H49: =SUMIFS(Detalhe_Registro!$F:$F,Detalhe_Registro!$D:$D,A49,Detalhe_Registro!$E:$E,B49,Detalhe_Registro!$M:$M,"SIM") | I49: =SUMIFS(Detalhe_Registro!$G:$G,Detalhe_Registro!$D:$D,A49,Detalhe_Registro!$E:$E,B49,Detalhe_Registro!$M:$M,"SIM") | J49: =IF(F49<Premissas!$B$8,"< 1,00",IF(F49<Premissas!$B$9,"1,00 – 1,19",IF(F49<Premissas!$B$10,"1,20 – 1,39",IF(F49<Premissas!$B$11,"1,40 – 1,59",IF(F49<Premissas!$B$12,"1,60 – 1,99","≥ 2,00"))))) | K49: =IF(F49<Premissas!$B$8,Premissas!$B$13,IF(F49<Premissas!$B$9,Premissas!$B$14,IF(F49<Premissas!$B$10,Premissas!$B$15,IF(F49<Premissas!$B$11,Premissas!$B$16,IF(F49<Premissas!$B$12,Premissas!$B$17,Premissas!$B$18))))) | L49: =K49/Premissas!$B$4 | M49: =IF(K49=Premissas!$B$18,"SIM","NÃO")
A50: 5704960 | B50: Athilson Oliveira Silva | C50: 409 | D50: =IFERROR(TEXTJOIN(" | ",TRUE,UNIQUE(FILTER(Detalhe_Registro!$C:$C,(Detalhe_Registro!$D:$D=A50)*(Detalhe_Registro!$E:$E=B50)*(Detalhe_Registro!$M:$M="SIM")))),"") | E50: =COUNTIFS(Detalhe_Registro!$D:$D,A50,Detalhe_Registro!$E:$E,B50,Detalhe_Registro!$M:$M,"SIM") | F50: =IFERROR(MAXIFS(Detalhe_Registro!$N:$N,Detalhe_Registro!$D:$D,A50,Detalhe_Registro!$E:$E,B50,Detalhe_Registro!$M:$M,"SIM"),0) | G50: =IFERROR(AVERAGEIFS(Detalhe_Registro!$N:$N,Detalhe_Registro!$D:$D,A50,Detalhe_Registro!$E:$E,B50,Detalhe_Registro!$M:$M,"SIM"),0) | H50: =SUMIFS(Detalhe_Registro!$F:$F,Detalhe_Registro!$D:$D,A50,Detalhe_Registro!$E:$E,B50,Detalhe_Registro!$M:$M,"SIM") | I50: =SUMIFS(Detalhe_Registro!$G:$G,Detalhe_Registro!$D:$D,A50,Detalhe_Registro!$E:$E,B50,Detalhe_Registro!$M:$M,"SIM") | J50: =IF(F50<Premissas!$B$8,"< 1,00",IF(F50<Premissas!$B$9,"1,00 – 1,19",IF(F50<Premissas!$B$10,"1,20 – 1,39",IF(F50<Premissas!$B$11,"1,40 – 1,59",IF(F50<Premissas!$B$12,"1,60 – 1,99","≥ 2,00"))))) | K50: =IF(F50<Premissas!$B$8,Premissas!$B$13,IF(F50<Premissas!$B$9,Premissas!$B$14,IF(F50<Premissas!$B$10,Premissas!$B$15,IF(F50<Premissas!$B$11,Premissas!$B$16,IF(F50<Premissas!$B$12,Premissas!$B$17,Premissas!$B$18))))) | L50: =K50/Premissas!$B$4 | M50: =IF(K50=Premissas!$B$18,"SIM","NÃO")
A51: 5704960 | B51: Athilson Oliveira Silva | C51: 409 | D51: =IFERROR(TEXTJOIN(" | ",TRUE,UNIQUE(FILTER(Detalhe_Registro!$C:$C,(Detalhe_Registro!$D:$D=A51)*(Detalhe_Registro!$E:$E=B51)*(Detalhe_Registro!$M:$M="SIM")))),"") | E51: =COUNTIFS(Detalhe_Registro!$D:$D,A51,Detalhe_Registro!$E:$E,B51,Detalhe_Registro!$M:$M,"SIM") | F51: =IFERROR(MAXIFS(Detalhe_Registro!$N:$N,Detalhe_Registro!$D:$D,A51,Detalhe_Registro!$E:$E,B51,Detalhe_Registro!$M:$M,"SIM"),0) | G51: =IFERROR(AVERAGEIFS(Detalhe_Registro!$N:$N,Detalhe_Registro!$D:$D,A51,Detalhe_Registro!$E:$E,B51,Detalhe_Registro!$M:$M,"SIM"),0) | H51: =SUMIFS(Detalhe_Registro!$F:$F,Detalhe_Registro!$D:$D,A51,Detalhe_Registro!$E:$E,B51,Detalhe_Registro!$M:$M,"SIM") | I51: =SUMIFS(Detalhe_Registro!$G:$G,Detalhe_Registro!$D:$D,A51,Detalhe_Registro!$E:$E,B51,Detalhe_Registro!$M:$M,"SIM") | J51: =IF(F51<Premissas!$B$8,"< 1,00",IF(F51<Premissas!$B$9,"1,00 – 1,19",IF(F51<Premissas!$B$10,"1,20 – 1,39",IF(F51<Premissas!$B$11,"1,40 – 1,59",IF(F51<Premissas!$B$12,"1,60 – 1,99","≥ 2,00"))))) | K51: =IF(F51<Premissas!$B$8,Premissas!$B$13,IF(F51<Premissas!$B$9,Premissas!$B$14,IF(F51<Premissas!$B$10,Premissas!$B$15,IF(F51<Premissas!$B$11,Premissas!$B$16,IF(F51<Premissas!$B$12,Premissas!$B$17,Premissas!$B$18))))) | L51: =K51/Premissas!$B$4 | M51: =IF(K51=Premissas!$B$18,"SIM","NÃO")
A52: 5800650 | B52: Brayan Nogueira Veloso | C52: 409 | D52: =IFERROR(TEXTJOIN(" | ",TRUE,UNIQUE(FILTER(Detalhe_Registro!$C:$C,(Detalhe_Registro!$D:$D=A52)*(Detalhe_Registro!$E:$E=B52)*(Detalhe_Registro!$M:$M="SIM")))),"") | E52: =COUNTIFS(Detalhe_Registro!$D:$D,A52,Detalhe_Registro!$E:$E,B52,Detalhe_Registro!$M:$M,"SIM") | F52: =IFERROR(MAXIFS(Detalhe_Registro!$N:$N,Detalhe_Registro!$D:$D,A52,Detalhe_Registro!$E:$E,B52,Detalhe_Registro!$M:$M,"SIM"),0) | G52: =IFERROR(AVERAGEIFS(Detalhe_Registro!$N:$N,Detalhe_Registro!$D:$D,A52,Detalhe_Registro!$E:$E,B52,Detalhe_Registro!$M:$M,"SIM"),0) | H52: =SUMIFS(Detalhe_Registro!$F:$F,Detalhe_Registro!$D:$D,A52,Detalhe_Registro!$E:$E,B52,Detalhe_Registro!$M:$M,"SIM") | I52: =SUMIFS(Detalhe_Registro!$G:$G,Detalhe_Registro!$D:$D,A52,Detalhe_Registro!$E:$E,B52,Detalhe_Registro!$M:$M,"SIM") | J52: =IF(F52<Premissas!$B$8,"< 1,00",IF(F52<Premissas!$B$9,"1,00 – 1,19",IF(F52<Premissas!$B$10,"1,20 – 1,39",IF(F52<Premissas!$B$11,"1,40 – 1,59",IF(F52<Premissas!$B$12,"1,60 – 1,99","≥ 2,00"))))) | K52: =IF(F52<Premissas!$B$8,Premissas!$B$13,IF(F52<Premissas!$B$9,Premissas!$B$14,IF(F52<Premissas!$B$10,Premissas!$B$15,IF(F52<Premissas!$B$11,Premissas!$B$16,IF(F52<Premissas!$B$12,Premissas!$B$17,Premissas!$B$18))))) | L52: =K52/Premissas!$B$4 | M52: =IF(K52=Premissas!$B$18,"SIM","NÃO")
A53: 5800650 | B53: Brayan Nogueira Veloso | C53: 409 | D53: =IFERROR(TEXTJOIN(" | ",TRUE,UNIQUE(FILTER(Detalhe_Registro!$C:$C,(Detalhe_Registro!$D:$D=A53)*(Detalhe_Registro!$E:$E=B53)*(Detalhe_Registro!$M:$M="SIM")))),"") | E53: =COUNTIFS(Detalhe_Registro!$D:$D,A53,Detalhe_Registro!$E:$E,B53,Detalhe_Registro!$M:$M,"SIM") | F53: =IFERROR(MAXIFS(Detalhe_Registro!$N:$N,Detalhe_Registro!$D:$D,A53,Detalhe_Registro!$E:$E,B53,Detalhe_Registro!$M:$M,"SIM"),0) | G53: =IFERROR(AVERAGEIFS(Detalhe_Registro!$N:$N,Detalhe_Registro!$D:$D,A53,Detalhe_Registro!$E:$E,B53,Detalhe_Registro!$M:$M,"SIM"),0) | H53: =SUMIFS(Detalhe_Registro!$F:$F,Detalhe_Registro!$D:$D,A53,Detalhe_Registro!$E:$E,B53,Detalhe_Registro!$M:$M,"SIM") | I53: =SUMIFS(Detalhe_Registro!$G:$G,Detalhe_Registro!$D:$D,A53,Detalhe_Registro!$E:$E,B53,Detalhe_Registro!$M:$M,"SIM") | J53: =IF(F53<Premissas!$B$8,"< 1,00",IF(F53<Premissas!$B$9,"1,00 – 1,19",IF(F53<Premissas!$B$10,"1,20 – 1,39",IF(F53<Premissas!$B$11,"1,40 – 1,59",IF(F53<Premissas!$B$12,"1,60 – 1,99","≥ 2,00"))))) | K53: =IF(F53<Premissas!$B$8,Premissas!$B$13,IF(F53<Premissas!$B$9,Premissas!$B$14,IF(F53<Premissas!$B$10,Premissas!$B$15,IF(F53<Premissas!$B$11,Premissas!$B$16,IF(F53<Premissas!$B$12,Premissas!$B$17,Premissas!$B$18))))) | L53: =K53/Premissas!$B$4 | M53: =IF(K53=Premissas!$B$18,"SIM","NÃO")
A54: 5531195 | B54: Brendo Bernardo Da Silva Santiago | C54: 409 | D54: =IFERROR(TEXTJOIN(" | ",TRUE,UNIQUE(FILTER(Detalhe_Registro!$C:$C,(Detalhe_Registro!$D:$D=A54)*(Detalhe_Registro!$E:$E=B54)*(Detalhe_Registro!$M:$M="SIM")))),"") | E54: =COUNTIFS(Detalhe_Registro!$D:$D,A54,Detalhe_Registro!$E:$E,B54,Detalhe_Registro!$M:$M,"SIM") | F54: =IFERROR(MAXIFS(Detalhe_Registro!$N:$N,Detalhe_Registro!$D:$D,A54,Detalhe_Registro!$E:$E,B54,Detalhe_Registro!$M:$M,"SIM"),0) | G54: =IFERROR(AVERAGEIFS(Detalhe_Registro!$N:$N,Detalhe_Registro!$D:$D,A54,Detalhe_Registro!$E:$E,B54,Detalhe_Registro!$M:$M,"SIM"),0) | H54: =SUMIFS(Detalhe_Registro!$F:$F,Detalhe_Registro!$D:$D,A54,Detalhe_Registro!$E:$E,B54,Detalhe_Registro!$M:$M,"SIM") | I54: =SUMIFS(Detalhe_Registro!$G:$G,Detalhe_Registro!$D:$D,A54,Detalhe_Registro!$E:$E,B54,Detalhe_Registro!$M:$M,"SIM") | J54: =IF(F54<Premissas!$B$8,"< 1,00",IF(F54<Premissas!$B$9,"1,00 – 1,19",IF(F54<Premissas!$B$10,"1,20 – 1,39",IF(F54<Premissas!$B$11,"1,40 – 1,59",IF(F54<Premissas!$B$12,"1,60 – 1,99","≥ 2,00"))))) | K54: =IF(F54<Premissas!$B$8,Premissas!$B$13,IF(F54<Premissas!$B$9,Premissas!$B$14,IF(F54<Premissas!$B$10,Premissas!$B$15,IF(F54<Premissas!$B$11,Premissas!$B$16,IF(F54<Premissas!$B$12,Premissas!$B$17,Premissas!$B$18))))) | L54: =K54/Premissas!$B$4 | M54: =IF(K54=Premissas!$B$18,"SIM","NÃO")
A55: 5531195 | B55: Brendo Bernardo Da Silva Santiago | C55: 409 | D55: =IFERROR(TEXTJOIN(" | ",TRUE,UNIQUE(FILTER(Detalhe_Registro!$C:$C,(Detalhe_Registro!$D:$D=A55)*(Detalhe_Registro!$E:$E=B55)*(Detalhe_Registro!$M:$M="SIM")))),"") | E55: =COUNTIFS(Detalhe_Registro!$D:$D,A55,Detalhe_Registro!$E:$E,B55,Detalhe_Registro!$M:$M,"SIM") | F55: =IFERROR(MAXIFS(Detalhe_Registro!$N:$N,Detalhe_Registro!$D:$D,A55,Detalhe_Registro!$E:$E,B55,Detalhe_Registro!$M:$M,"SIM"),0) | G55: =IFERROR(AVERAGEIFS(Detalhe_Registro!$N:$N,Detalhe_Registro!$D:$D,A55,Detalhe_Registro!$E:$E,B55,Detalhe_Registro!$M:$M,"SIM"),0) | H55: =SUMIFS(Detalhe_Registro!$F:$F,Detalhe_Registro!$D:$D,A55,Detalhe_Registro!$E:$E,B55,Detalhe_Registro!$M:$M,"SIM") | I55: =SUMIFS(Detalhe_Registro!$G:$G,Detalhe_Registro!$D:$D,A55,Detalhe_Registro!$E:$E,B55,Detalhe_Registro!$M:$M,"SIM") | J55: =IF(F55<Premissas!$B$8,"< 1,00",IF(F55<Premissas!$B$9,"1,00 – 1,19",IF(F55<Premissas!$B$10,"1,20 – 1,39",IF(F55<Premissas!$B$11,"1,40 – 1,59",IF(F55<Premissas!$B$12,"1,60 – 1,99","≥ 2,00"))))) | K55: =IF(F55<Premissas!$B$8,Premissas!$B$13,IF(F55<Premissas!$B$9,Premissas!$B$14,IF(F55<Premissas!$B$10,Premissas!$B$15,IF(F55<Premissas!$B$11,Premissas!$B$16,IF(F55<Premissas!$B$12,Premissas!$B$17,Premissas!$B$18))))) | L55: =K55/Premissas!$B$4 | M55: =IF(K55=Premissas!$B$18,"SIM","NÃO")
A56: 5634938 | B56: Bruna Leticia Messias Goncalves | C56: 409 | D56: =IFERROR(TEXTJOIN(" | ",TRUE,UNIQUE(FILTER(Detalhe_Registro!$C:$C,(Detalhe_Registro!$D:$D=A56)*(Detalhe_Registro!$E:$E=B56)*(Detalhe_Registro!$M:$M="SIM")))),"") | E56: =COUNTIFS(Detalhe_Registro!$D:$D,A56,Detalhe_Registro!$E:$E,B56,Detalhe_Registro!$M:$M,"SIM") | F56: =IFERROR(MAXIFS(Detalhe_Registro!$N:$N,Detalhe_Registro!$D:$D,A56,Detalhe_Registro!$E:$E,B56,Detalhe_Registro!$M:$M,"SIM"),0) | G56: =IFERROR(AVERAGEIFS(Detalhe_Registro!$N:$N,Detalhe_Registro!$D:$D,A56,Detalhe_Registro!$E:$E,B56,Detalhe_Registro!$M:$M,"SIM"),0) | H56: =SUMIFS(Detalhe_Registro!$F:$F,Detalhe_Registro!$D:$D,A56,Detalhe_Registro!$E:$E,B56,Detalhe_Registro!$M:$M,"SIM") | I56: =SUMIFS(Detalhe_Registro!$G:$G,Detalhe_Registro!$D:$D,A56,Detalhe_Registro!$E:$E,B56,Detalhe_Registro!$M:$M,"SIM") | J56: =IF(F56<Premissas!$B$8,"< 1,00",IF(F56<Premissas!$B$9,"1,00 – 1,19",IF(F56<Premissas!$B$10,"1,20 – 1,39",IF(F56<Premissas!$B$11,"1,40 – 1,59",IF(F56<Premissas!$B$12,"1,60 – 1,99","≥ 2,00"))))) | K56: =IF(F56<Premissas!$B$8,Premissas!$B$13,IF(F56<Premissas!$B$9,Premissas!$B$14,IF(F56<Premissas!$B$10,Premissas!$B$15,IF(F56<Premissas!$B$11,Premissas!$B$16,IF(F56<Premissas!$B$12,Premissas!$B$17,Premissas!$B$18))))) | L56: =K56/Premissas!$B$4 | M56: =IF(K56=Premissas!$B$18,"SIM","NÃO")
A57: 5107245 | B57: Bruno Alves da Silva | C57: 409 | D57: =IFERROR(TEXTJOIN(" | ",TRUE,UNIQUE(FILTER(Detalhe_Registro!$C:$C,(Detalhe_Registro!$D:$D=A57)*(Detalhe_Registro!$E:$E=B57)*(Detalhe_Registro!$M:$M="SIM")))),"") | E57: =COUNTIFS(Detalhe_Registro!$D:$D,A57,Detalhe_Registro!$E:$E,B57,Detalhe_Registro!$M:$M,"SIM") | F57: =IFERROR(MAXIFS(Detalhe_Registro!$N:$N,Detalhe_Registro!$D:$D,A57,Detalhe_Registro!$E:$E,B57,Detalhe_Registro!$M:$M,"SIM"),0) | G57: =IFERROR(AVERAGEIFS(Detalhe_Registro!$N:$N,Detalhe_Registro!$D:$D,A57,Detalhe_Registro!$E:$E,B57,Detalhe_Registro!$M:$M,"SIM"),0) | H57: =SUMIFS(Detalhe_Registro!$F:$F,Detalhe_Registro!$D:$D,A57,Detalhe_Registro!$E:$E,B57,Detalhe_Registro!$M:$M,"SIM") | I57: =SUMIFS(Detalhe_Registro!$G:$G,Detalhe_Registro!$D:$D,A57,Detalhe_Registro!$E:$E,B57,Detalhe_Registro!$M:$M,"SIM") | J57: =IF(F57<Premissas!$B$8,"< 1,00",IF(F57<Premissas!$B$9,"1,00 – 1,19",IF(F57<Premissas!$B$10,"1,20 – 1,39",IF(F57<Premissas!$B$11,"1,40 – 1,59",IF(F57<Premissas!$B$12,"1,60 – 1,99","≥ 2,00"))))) | K57: =IF(F57<Premissas!$B$8,Premissas!$B$13,IF(F57<Premissas!$B$9,Premissas!$B$14,IF(F57<Premissas!$B$10,Premissas!$B$15,IF(F57<Premissas!$B$11,Premissas!$B$16,IF(F57<Premissas!$B$12,Premissas!$B$17,Premissas!$B$18))))) | L57: =K57/Premissas!$B$4 | M57: =IF(K57=Premissas!$B$18,"SIM","NÃO")
